category;vZEV Bezug von VNB (Total 315.54 kWh);vZEV Rücklieferung an VNB (Total -454.06 kWh)
Mon Jun 01 2026;0.147;
Mon Jun 01 2026;0.133;
Mon Jun 01 2026;0.142;
Mon Jun 01 2026;0.147;
Mon Jun 01 2026;0.162;
Mon Jun 01 2026;0.162;
Mon Jun 01 2026;0.221;
Mon Jun 01 2026;0.165;
Mon Jun 01 2026;0.165;
Mon Jun 01 2026;0.159;
Mon Jun 01 2026;0.149;
Mon Jun 01 2026;0.117;
Mon Jun 01 2026;0.113;
Mon Jun 01 2026;0.122;
Mon Jun 01 2026;0.111;
Mon Jun 01 2026;0.105;
Mon Jun 01 2026;0.113;
Mon Jun 01 2026;0.116;
Mon Jun 01 2026;0.105;
Mon Jun 01 2026;0.11;
Mon Jun 01 2026;0.101;
Mon Jun 01 2026;0.137;
Mon Jun 01 2026;0.167;
Mon Jun 01 2026;0.156;
Mon Jun 01 2026;0.108;
Mon Jun 01 2026;0.097;
Mon Jun 01 2026;0.121;
Mon Jun 01 2026;0.266;
Mon Jun 01 2026;0.09;
Mon Jun 01 2026;0.012;
Mon Jun 01 2026;0.187;
Mon Jun 01 2026;0.088;
Mon Jun 01 2026;0.257;
Mon Jun 01 2026;0.47;
Mon Jun 01 2026;0.042;
Mon Jun 01 2026;;-0.06
Mon Jun 01 2026;;-0.15
Mon Jun 01 2026;;-0.271
Mon Jun 01 2026;;-0.217
Mon Jun 01 2026;;-0.019
Mon Jun 01 2026;;-0.018
Mon Jun 01 2026;;-0.072
Mon Jun 01 2026;;-0.025
Mon Jun 01 2026;;-0.155
Mon Jun 01 2026;;-0.26
Mon Jun 01 2026;;-0.248
Mon Jun 01 2026;;-0.214
Mon Jun 01 2026;;-0.22
Mon Jun 01 2026;;-0.317
Mon Jun 01 2026;;-0.729
Mon Jun 01 2026;;-0.809
Mon Jun 01 2026;;-0.915
Mon Jun 01 2026;;-1.142
Mon Jun 01 2026;;-0.572
Mon Jun 01 2026;;-1.253
Mon Jun 01 2026;;-1.357
Mon Jun 01 2026;;-0.781
Mon Jun 01 2026;;-0.102
Mon Jun 01 2026;;-0.187
Mon Jun 01 2026;;-0.212
Mon Jun 01 2026;;-0.414
Mon Jun 01 2026;;-1.237
Mon Jun 01 2026;;-1.079
Mon Jun 01 2026;;-0.703
Mon Jun 01 2026;;-0.812
Mon Jun 01 2026;;-0.937
Mon Jun 01 2026;;-0.925
Mon Jun 01 2026;;-0.79
Mon Jun 01 2026;;-0.668
Mon Jun 01 2026;;-0.103
Mon Jun 01 2026;;-0.342
Mon Jun 01 2026;;-0.212
Mon Jun 01 2026;;-0.349
Mon Jun 01 2026;;-0.331
Mon Jun 01 2026;;-0.228
Mon Jun 01 2026;;-0.145
Mon Jun 01 2026;;-0.031
Mon Jun 01 2026;0.329;
Mon Jun 01 2026;0.241;
Mon Jun 01 2026;0.264;
Mon Jun 01 2026;0.233;
Mon Jun 01 2026;0.54;
Mon Jun 01 2026;0.34;
Mon Jun 01 2026;0.223;
Mon Jun 01 2026;0.238;
Mon Jun 01 2026;0.207;
Mon Jun 01 2026;0.223;
Mon Jun 01 2026;0.3;
Mon Jun 01 2026;0.21;
Mon Jun 01 2026;0.184;
Mon Jun 01 2026;0.152;
Mon Jun 01 2026;0.149;
Mon Jun 01 2026;0.124;
Mon Jun 01 2026;0.116;
Mon Jun 01 2026;0.126;
Tue Jun 02 2026;0.111;
Tue Jun 02 2026;0.111;
Tue Jun 02 2026;0.123;
Tue Jun 02 2026;0.137;
Tue Jun 02 2026;0.132;
Tue Jun 02 2026;0.127;
Tue Jun 02 2026;0.114;
Tue Jun 02 2026;0.106;
Tue Jun 02 2026;0.111;
Tue Jun 02 2026;0.108;
Tue Jun 02 2026;0.109;
Tue Jun 02 2026;0.118;
Tue Jun 02 2026;0.115;
Tue Jun 02 2026;0.117;
Tue Jun 02 2026;0.114;
Tue Jun 02 2026;0.117;
Tue Jun 02 2026;0.121;
Tue Jun 02 2026;0.122;
Tue Jun 02 2026;0.12;
Tue Jun 02 2026;0.118;
Tue Jun 02 2026;0.126;
Tue Jun 02 2026;0.116;
Tue Jun 02 2026;0.152;
Tue Jun 02 2026;0.15;
Tue Jun 02 2026;0.16;
Tue Jun 02 2026;0.118;
Tue Jun 02 2026;0.101;
Tue Jun 02 2026;0.191;
Tue Jun 02 2026;0.14;
Tue Jun 02 2026;0.148;
Tue Jun 02 2026;0.119;
Tue Jun 02 2026;0.053;
Tue Jun 02 2026;;-0.056
Tue Jun 02 2026;;-0.112
Tue Jun 02 2026;;-0.084
Tue Jun 02 2026;;-0.163
Tue Jun 02 2026;;-0.187
Tue Jun 02 2026;;-0.208
Tue Jun 02 2026;;-0.209
Tue Jun 02 2026;;-0.243
Tue Jun 02 2026;;-0.197
Tue Jun 02 2026;;-0.249
Tue Jun 02 2026;;-0.011
Tue Jun 02 2026;;-0.218
Tue Jun 02 2026;;-0.336
Tue Jun 02 2026;;-0.291
Tue Jun 02 2026;;-0.177
Tue Jun 02 2026;;-0.347
Tue Jun 02 2026;;-0.115
Tue Jun 02 2026;0.065;
Tue Jun 02 2026;;-0.284
Tue Jun 02 2026;;-0.208
Tue Jun 02 2026;;-0.145
Tue Jun 02 2026;0.468;
Tue Jun 02 2026;0.189;
Tue Jun 02 2026;;-0.233
Tue Jun 02 2026;;-0.086
Tue Jun 02 2026;;-0.088
Tue Jun 02 2026;;-0.064
Tue Jun 02 2026;0.485;
Tue Jun 02 2026;0.221;
Tue Jun 02 2026;0.423;
Tue Jun 02 2026;0.093;
Tue Jun 02 2026;0.036;
Tue Jun 02 2026;0.174;
Tue Jun 02 2026;0.179;
Tue Jun 02 2026;0.173;
Tue Jun 02 2026;0.297;
Tue Jun 02 2026;0.262;
Tue Jun 02 2026;0.228;
Tue Jun 02 2026;0.198;
Tue Jun 02 2026;0.165;
Tue Jun 02 2026;0.503;
Tue Jun 02 2026;0.421;
Tue Jun 02 2026;0.467;
Tue Jun 02 2026;0.335;
Tue Jun 02 2026;0.255;
Tue Jun 02 2026;0.287;
Tue Jun 02 2026;0.087;
Tue Jun 02 2026;0.038;
Tue Jun 02 2026;0.097;
Tue Jun 02 2026;0.146;
Tue Jun 02 2026;0.273;
Tue Jun 02 2026;0.308;
Tue Jun 02 2026;0.27;
Tue Jun 02 2026;0.255;
Tue Jun 02 2026;0.232;
Tue Jun 02 2026;0.321;
Tue Jun 02 2026;0.305;
Tue Jun 02 2026;0.272;
Tue Jun 02 2026;0.284;
Tue Jun 02 2026;0.619;
Tue Jun 02 2026;0.23;
Tue Jun 02 2026;0.422;
Tue Jun 02 2026;0.19;
Tue Jun 02 2026;0.208;
Wed Jun 03 2026;0.542;
Wed Jun 03 2026;0.32;
Wed Jun 03 2026;0.162;
Wed Jun 03 2026;0.162;
Wed Jun 03 2026;0.346;
Wed Jun 03 2026;0.246;
Wed Jun 03 2026;0.152;
Wed Jun 03 2026;0.142;
Wed Jun 03 2026;0.126;
Wed Jun 03 2026;0.137;
Wed Jun 03 2026;0.124;
Wed Jun 03 2026;0.109;
Wed Jun 03 2026;0.117;
Wed Jun 03 2026;0.122;
Wed Jun 03 2026;0.116;
Wed Jun 03 2026;0.117;
Wed Jun 03 2026;0.117;
Wed Jun 03 2026;0.122;
Wed Jun 03 2026;0.113;
Wed Jun 03 2026;0.113;
Wed Jun 03 2026;0.123;
Wed Jun 03 2026;0.115;
Wed Jun 03 2026;0.167;
Wed Jun 03 2026;0.153;
Wed Jun 03 2026;0.168;
Wed Jun 03 2026;0.129;
Wed Jun 03 2026;0.125;
Wed Jun 03 2026;0.137;
Wed Jun 03 2026;0.173;
Wed Jun 03 2026;0.177;
Wed Jun 03 2026;0.041;
Wed Jun 03 2026;0.198;
Wed Jun 03 2026;0.15;
Wed Jun 03 2026;0.129;
Wed Jun 03 2026;0.056;
Wed Jun 03 2026;;-0.158
Wed Jun 03 2026;;-0.103
Wed Jun 03 2026;;-0.202
Wed Jun 03 2026;;-0.18
Wed Jun 03 2026;;-0.208
Wed Jun 03 2026;;-0.342
Wed Jun 03 2026;;-0.213
Wed Jun 03 2026;;-0.284
Wed Jun 03 2026;;-0.3
Wed Jun 03 2026;;-0.235
Wed Jun 03 2026;;-0.249
Wed Jun 03 2026;;-0.201
Wed Jun 03 2026;;-0.253
Wed Jun 03 2026;0.003;
Wed Jun 03 2026;;-0.212
Wed Jun 03 2026;;-0.229
Wed Jun 03 2026;;-0.244
Wed Jun 03 2026;;-0.308
Wed Jun 03 2026;;-0.036
Wed Jun 03 2026;;-0.222
Wed Jun 03 2026;0.544;
Wed Jun 03 2026;;-0.334
Wed Jun 03 2026;;-0.181
Wed Jun 03 2026;;-0.144
Wed Jun 03 2026;;-0.027
Wed Jun 03 2026;;-0.313
Wed Jun 03 2026;;-0.274
Wed Jun 03 2026;;-0.335
Wed Jun 03 2026;;-0.113
Wed Jun 03 2026;;-0.153
Wed Jun 03 2026;;-0.252
Wed Jun 03 2026;;-0.3
Wed Jun 03 2026;;-0.197
Wed Jun 03 2026;;-0.147
Wed Jun 03 2026;;-0.317
Wed Jun 03 2026;;-0.225
Wed Jun 03 2026;;-0.425
Wed Jun 03 2026;;-0.088
Wed Jun 03 2026;;-0.174
Wed Jun 03 2026;;-0.296
Wed Jun 03 2026;0.424;
Wed Jun 03 2026;0.061;
Wed Jun 03 2026;0.364;
Wed Jun 03 2026;;-0.084
Wed Jun 03 2026;0.08;
Wed Jun 03 2026;0.386;
Wed Jun 03 2026;0.166;
Wed Jun 03 2026;0.136;
Wed Jun 03 2026;0.229;
Wed Jun 03 2026;0.566;
Wed Jun 03 2026;0.241;
Wed Jun 03 2026;0.252;
Wed Jun 03 2026;0.237;
Wed Jun 03 2026;0.42;
Wed Jun 03 2026;0.244;
Wed Jun 03 2026;0.369;
Wed Jun 03 2026;0.224;
Wed Jun 03 2026;0.214;
Wed Jun 03 2026;0.246;
Wed Jun 03 2026;0.635;
Wed Jun 03 2026;0.25;
Thu Jun 04 2026;0.199;
Thu Jun 04 2026;0.211;
Thu Jun 04 2026;0.375;
Thu Jun 04 2026;0.136;
Thu Jun 04 2026;0.141;
Thu Jun 04 2026;0.133;
Thu Jun 04 2026;0.113;
Thu Jun 04 2026;0.122;
Thu Jun 04 2026;0.115;
Thu Jun 04 2026;0.11;
Thu Jun 04 2026;0.112;
Thu Jun 04 2026;0.13;
Thu Jun 04 2026;0.113;
Thu Jun 04 2026;0.103;
Thu Jun 04 2026;0.109;
Thu Jun 04 2026;0.118;
Thu Jun 04 2026;0.112;
Thu Jun 04 2026;0.1;
Thu Jun 04 2026;0.119;
Thu Jun 04 2026;0.131;
Thu Jun 04 2026;0.111;
Thu Jun 04 2026;0.097;
Thu Jun 04 2026;0.176;
Thu Jun 04 2026;0.152;
Thu Jun 04 2026;0.114;
Thu Jun 04 2026;0.098;
Thu Jun 04 2026;0.081;
Thu Jun 04 2026;0.059;
Thu Jun 04 2026;0.185;
Thu Jun 04 2026;0.021;
Thu Jun 04 2026;;-0.021
Thu Jun 04 2026;;-0.027
Thu Jun 04 2026;;-0.025
Thu Jun 04 2026;;-0.074
Thu Jun 04 2026;;-0.041
Thu Jun 04 2026;;-0.132
Thu Jun 04 2026;0.577;
Thu Jun 04 2026;;-0.005
Thu Jun 04 2026;;-0.261
Thu Jun 04 2026;;-0.257
Thu Jun 04 2026;;-0.091
Thu Jun 04 2026;;-0.246
Thu Jun 04 2026;;-0.232
Thu Jun 04 2026;;-0.179
Thu Jun 04 2026;;-0.097
Thu Jun 04 2026;;-0.476
Thu Jun 04 2026;;-0.235
Thu Jun 04 2026;;-0.286
Thu Jun 04 2026;;-0.134
Thu Jun 04 2026;;-0.197
Thu Jun 04 2026;;-0.285
Thu Jun 04 2026;;-0.164
Thu Jun 04 2026;;-0.125
Thu Jun 04 2026;;-0.022
Thu Jun 04 2026;0.089;
Thu Jun 04 2026;0.219;
Thu Jun 04 2026;0.193;
Thu Jun 04 2026;;-0.027
Thu Jun 04 2026;;-0.015
Thu Jun 04 2026;0.031;
Thu Jun 04 2026;0.015;
Thu Jun 04 2026;0.138;
Thu Jun 04 2026;;-0.164
Thu Jun 04 2026;;-0.228
Thu Jun 04 2026;;-0.176
Thu Jun 04 2026;;-0.152
Thu Jun 04 2026;;-0.051
Thu Jun 04 2026;0.141;
Thu Jun 04 2026;0.256;
Thu Jun 04 2026;0.185;
Thu Jun 04 2026;0.174;
Thu Jun 04 2026;0.21;
Thu Jun 04 2026;0.262;
Thu Jun 04 2026;0.203;
Thu Jun 04 2026;0.193;
Thu Jun 04 2026;0.383;
Thu Jun 04 2026;0.217;
Thu Jun 04 2026;0.116;
Thu Jun 04 2026;0.205;
Thu Jun 04 2026;0.626;
Thu Jun 04 2026;0.706;
Thu Jun 04 2026;0.452;
Thu Jun 04 2026;0.347;
Thu Jun 04 2026;0.295;
Thu Jun 04 2026;0.56;
Thu Jun 04 2026;1.027;
Thu Jun 04 2026;0.92;
Thu Jun 04 2026;0.761;
Thu Jun 04 2026;0.507;
Thu Jun 04 2026;0.411;
Thu Jun 04 2026;0.243;
Thu Jun 04 2026;0.198;
Thu Jun 04 2026;0.233;
Thu Jun 04 2026;0.23;
Thu Jun 04 2026;0.199;
Thu Jun 04 2026;0.197;
Fri Jun 05 2026;0.185;
Fri Jun 05 2026;0.17;
Fri Jun 05 2026;0.184;
Fri Jun 05 2026;0.186;
Fri Jun 05 2026;0.169;
Fri Jun 05 2026;0.16;
Fri Jun 05 2026;0.122;
Fri Jun 05 2026;0.128;
Fri Jun 05 2026;0.126;
Fri Jun 05 2026;0.124;
Fri Jun 05 2026;0.113;
Fri Jun 05 2026;0.117;
Fri Jun 05 2026;0.121;
Fri Jun 05 2026;0.112;
Fri Jun 05 2026;0.119;
Fri Jun 05 2026;0.127;
Fri Jun 05 2026;0.104;
Fri Jun 05 2026;0.109;
Fri Jun 05 2026;0.119;
Fri Jun 05 2026;0.111;
Fri Jun 05 2026;0.11;
Fri Jun 05 2026;0.117;
Fri Jun 05 2026;0.132;
Fri Jun 05 2026;0.254;
Fri Jun 05 2026;0.149;
Fri Jun 05 2026;0.13;
Fri Jun 05 2026;0.178;
Fri Jun 05 2026;0.162;
Fri Jun 05 2026;0.1;
Fri Jun 05 2026;0.08;
Fri Jun 05 2026;0.032;
Fri Jun 05 2026;;-0.008
Fri Jun 05 2026;;-0.019
Fri Jun 05 2026;;-0.031
Fri Jun 05 2026;;-0.029
Fri Jun 05 2026;;-0.095
Fri Jun 05 2026;;-0.096
Fri Jun 05 2026;;-0.241
Fri Jun 05 2026;;-0.363
Fri Jun 05 2026;;-0.159
Fri Jun 05 2026;;-0.151
Fri Jun 05 2026;;-0.257
Fri Jun 05 2026;;-0.286
Fri Jun 05 2026;;-0.309
Fri Jun 05 2026;;-0.405
Fri Jun 05 2026;;-0.177
Fri Jun 05 2026;;-0.198
Fri Jun 05 2026;;-0.366
Fri Jun 05 2026;;-0.344
Fri Jun 05 2026;;-0.173
Fri Jun 05 2026;;-0.21
Fri Jun 05 2026;;-0.146
Fri Jun 05 2026;;-0.383
Fri Jun 05 2026;;-0.248
Fri Jun 05 2026;;-0.235
Fri Jun 05 2026;;-0.23
Fri Jun 05 2026;;-0.032
Fri Jun 05 2026;;-0.046
Fri Jun 05 2026;;-0.139
Fri Jun 05 2026;;-0.322
Fri Jun 05 2026;;-0.25
Fri Jun 05 2026;;-0.18
Fri Jun 05 2026;;-0.241
Fri Jun 05 2026;;-0.227
Fri Jun 05 2026;;-0.099
Fri Jun 05 2026;;-0.119
Fri Jun 05 2026;;-0.191
Fri Jun 05 2026;;-0.293
Fri Jun 05 2026;;-0.408
Fri Jun 05 2026;;-0.129
Fri Jun 05 2026;0.228;
Fri Jun 05 2026;;-0.173
Fri Jun 05 2026;;-0.007
Fri Jun 05 2026;0.091;
Fri Jun 05 2026;;-0.066
Fri Jun 05 2026;;-0.016
Fri Jun 05 2026;0.102;
Fri Jun 05 2026;0.09;
Fri Jun 05 2026;0.041;
Fri Jun 05 2026;;-0.017
Fri Jun 05 2026;0.057;
Fri Jun 05 2026;0.105;
Fri Jun 05 2026;0.157;
Fri Jun 05 2026;0.171;
Fri Jun 05 2026;0.216;
Fri Jun 05 2026;0.242;
Fri Jun 05 2026;0.228;
Fri Jun 05 2026;0.223;
Fri Jun 05 2026;0.326;
Fri Jun 05 2026;0.218;
Fri Jun 05 2026;0.215;
Fri Jun 05 2026;0.213;
Fri Jun 05 2026;0.254;
Fri Jun 05 2026;0.171;
Fri Jun 05 2026;0.179;
Fri Jun 05 2026;0.154;
Sat Jun 06 2026;0.138;
Sat Jun 06 2026;0.151;
Sat Jun 06 2026;0.153;
Sat Jun 06 2026;0.118;
Sat Jun 06 2026;0.099;
Sat Jun 06 2026;0.117;
Sat Jun 06 2026;0.122;
Sat Jun 06 2026;0.107;
Sat Jun 06 2026;0.11;
Sat Jun 06 2026;0.113;
Sat Jun 06 2026;0.114;
Sat Jun 06 2026;0.108;
Sat Jun 06 2026;0.108;
Sat Jun 06 2026;0.115;
Sat Jun 06 2026;0.121;
Sat Jun 06 2026;0.109;
Sat Jun 06 2026;0.106;
Sat Jun 06 2026;0.118;
Sat Jun 06 2026;0.125;
Sat Jun 06 2026;0.124;
Sat Jun 06 2026;0.121;
Sat Jun 06 2026;0.114;
Sat Jun 06 2026;0.118;
Sat Jun 06 2026;0.171;
Sat Jun 06 2026;0.156;
Sat Jun 06 2026;0.128;
Sat Jun 06 2026;0.115;
Sat Jun 06 2026;0.079;
Sat Jun 06 2026;0.03;
Sat Jun 06 2026;0.201;
Sat Jun 06 2026;0.341;
Sat Jun 06 2026;0.214;
Sat Jun 06 2026;0.098;
Sat Jun 06 2026;;-0.103
Sat Jun 06 2026;;-0.082
Sat Jun 06 2026;;-0.118
Sat Jun 06 2026;;-0.189
Sat Jun 06 2026;;-0.198
Sat Jun 06 2026;;-0.243
Sat Jun 06 2026;;-0.23
Sat Jun 06 2026;;-0.303
Sat Jun 06 2026;;-0.058
Sat Jun 06 2026;;-0.122
Sat Jun 06 2026;;-0.236
Sat Jun 06 2026;;-0.249
Sat Jun 06 2026;;-0.209
Sat Jun 06 2026;;-0.04
Sat Jun 06 2026;0.255;
Sat Jun 06 2026;;-0.2
Sat Jun 06 2026;;-0.269
Sat Jun 06 2026;;-0.199
Sat Jun 06 2026;;-0.706
Sat Jun 06 2026;;-0.701
Sat Jun 06 2026;;-0.815
Sat Jun 06 2026;;-0.056
Sat Jun 06 2026;;-0.143
Sat Jun 06 2026;;-0.072
Sat Jun 06 2026;;-1.062
Sat Jun 06 2026;;-1.163
Sat Jun 06 2026;;-1.364
Sat Jun 06 2026;0.089;
Sat Jun 06 2026;;-0.224
Sat Jun 06 2026;;-0.214
Sat Jun 06 2026;;-0.808
Sat Jun 06 2026;;-0.803
Sat Jun 06 2026;;-1.029
Sat Jun 06 2026;;-0.265
Sat Jun 06 2026;;-0.38
Sat Jun 06 2026;;-0.364
Sat Jun 06 2026;;-0.241
Sat Jun 06 2026;;-0.267
Sat Jun 06 2026;;-0.272
Sat Jun 06 2026;;-0.187
Sat Jun 06 2026;;-0.144
Sat Jun 06 2026;;-0.263
Sat Jun 06 2026;;-0.251
Sat Jun 06 2026;;-0.078
Sat Jun 06 2026;;-0.149
Sat Jun 06 2026;0.01;
Sat Jun 06 2026;;-0.035
Sat Jun 06 2026;0.008;
Sat Jun 06 2026;0.059;
Sat Jun 06 2026;0.091;
Sat Jun 06 2026;0.132;
Sat Jun 06 2026;0.217;
Sat Jun 06 2026;0.176;
Sat Jun 06 2026;0.176;
Sat Jun 06 2026;0.154;
Sat Jun 06 2026;0.163;
Sat Jun 06 2026;0.15;
Sat Jun 06 2026;0.161;
Sat Jun 06 2026;0.179;
Sat Jun 06 2026;0.169;
Sat Jun 06 2026;0.152;
Sat Jun 06 2026;0.191;
Sat Jun 06 2026;0.376;
Sun Jun 07 2026;0.431;
Sun Jun 07 2026;0.178;
Sun Jun 07 2026;0.204;
Sun Jun 07 2026;0.566;
Sun Jun 07 2026;0.553;
Sun Jun 07 2026;0.193;
Sun Jun 07 2026;0.165;
Sun Jun 07 2026;0.36;
Sun Jun 07 2026;0.155;
Sun Jun 07 2026;0.134;
Sun Jun 07 2026;0.111;
Sun Jun 07 2026;0.105;
Sun Jun 07 2026;0.129;
Sun Jun 07 2026;0.135;
Sun Jun 07 2026;0.106;
Sun Jun 07 2026;0.113;
Sun Jun 07 2026;0.131;
Sun Jun 07 2026;0.122;
Sun Jun 07 2026;0.099;
Sun Jun 07 2026;0.12;
Sun Jun 07 2026;0.134;
Sun Jun 07 2026;0.113;
Sun Jun 07 2026;0.103;
Sun Jun 07 2026;0.131;
Sun Jun 07 2026;0.127;
Sun Jun 07 2026;0.104;
Sun Jun 07 2026;0.101;
Sun Jun 07 2026;0.099;
Sun Jun 07 2026;0.131;
Sun Jun 07 2026;0.072;
Sun Jun 07 2026;0.07;
Sun Jun 07 2026;0.045;
Sun Jun 07 2026;0.057;
Sun Jun 07 2026;0.063;
Sun Jun 07 2026;0.049;
Sun Jun 07 2026;;-0.096
Sun Jun 07 2026;;-0.127
Sun Jun 07 2026;;-0.152
Sun Jun 07 2026;0.049;
Sun Jun 07 2026;;-0.255
Sun Jun 07 2026;;-0.303
Sun Jun 07 2026;;-0.411
Sun Jun 07 2026;;-0.209
Sun Jun 07 2026;;-0.266
Sun Jun 07 2026;;-0.362
Sun Jun 07 2026;;-0.338
Sun Jun 07 2026;;-0.402
Sun Jun 07 2026;;-0.463
Sun Jun 07 2026;;-0.189
Sun Jun 07 2026;;-0.29
Sun Jun 07 2026;;-0.906
Sun Jun 07 2026;;-0.948
Sun Jun 07 2026;;-0.172
Sun Jun 07 2026;;-0.112
Sun Jun 07 2026;;-0.818
Sun Jun 07 2026;;-1.063
Sun Jun 07 2026;;-0.043
Sun Jun 07 2026;;-0.273
Sun Jun 07 2026;;-0.271
Sun Jun 07 2026;;-0.161
Sun Jun 07 2026;;-0.148
Sun Jun 07 2026;;-0.276
Sun Jun 07 2026;;-0.591
Sun Jun 07 2026;;-1.271
Sun Jun 07 2026;;-1.079
Sun Jun 07 2026;;-0.691
Sun Jun 07 2026;;-0.226
Sun Jun 07 2026;;-0.226
Sun Jun 07 2026;;-0.26
Sun Jun 07 2026;;-0.24
Sun Jun 07 2026;;-0.181
Sun Jun 07 2026;;-0.029
Sun Jun 07 2026;;-0.123
Sun Jun 07 2026;;-0.182
Sun Jun 07 2026;;-0.139
Sun Jun 07 2026;;-0.385
Sun Jun 07 2026;;-0.135
Sun Jun 07 2026;;-0.085
Sun Jun 07 2026;0.043;
Sun Jun 07 2026;0.083;
Sun Jun 07 2026;0.194;
Sun Jun 07 2026;0.154;
Sun Jun 07 2026;0.202;
Sun Jun 07 2026;0.241;
Sun Jun 07 2026;0.256;
Sun Jun 07 2026;0.27;
Sun Jun 07 2026;0.442;
Sun Jun 07 2026;0.302;
Sun Jun 07 2026;0.279;
Sun Jun 07 2026;0.575;
Sun Jun 07 2026;0.438;
Sun Jun 07 2026;0.92;
Sun Jun 07 2026;0.859;
Sun Jun 07 2026;0.249;
Sun Jun 07 2026;0.207;
Sun Jun 07 2026;0.442;
Mon Jun 08 2026;0.453;
Mon Jun 08 2026;0.254;
Mon Jun 08 2026;0.172;
Mon Jun 08 2026;0.157;
Mon Jun 08 2026;0.17;
Mon Jun 08 2026;0.168;
Mon Jun 08 2026;0.148;
Mon Jun 08 2026;0.145;
Mon Jun 08 2026;0.147;
Mon Jun 08 2026;0.122;
Mon Jun 08 2026;0.105;
Mon Jun 08 2026;0.12;
Mon Jun 08 2026;0.113;
Mon Jun 08 2026;0.108;
Mon Jun 08 2026;0.12;
Mon Jun 08 2026;0.123;
Mon Jun 08 2026;0.115;
Mon Jun 08 2026;0.11;
Mon Jun 08 2026;0.109;
Mon Jun 08 2026;0.107;
Mon Jun 08 2026;0.111;
Mon Jun 08 2026;0.104;
Mon Jun 08 2026;0.116;
Mon Jun 08 2026;0.135;
Mon Jun 08 2026;0.129;
Mon Jun 08 2026;0.099;
Mon Jun 08 2026;0.142;
Mon Jun 08 2026;0.164;
Mon Jun 08 2026;0.075;
Mon Jun 08 2026;0.048;
Mon Jun 08 2026;0.095;
Mon Jun 08 2026;0.039;
Mon Jun 08 2026;0.045;
Mon Jun 08 2026;0.01;
Mon Jun 08 2026;0.014;
Mon Jun 08 2026;;-0.109
Mon Jun 08 2026;;-0.211
Mon Jun 08 2026;;-0.326
Mon Jun 08 2026;;-0.43
Mon Jun 08 2026;;-0.385
Mon Jun 08 2026;;-0.145
Mon Jun 08 2026;;-0.111
Mon Jun 08 2026;;-0.073
Mon Jun 08 2026;;-0.14
Mon Jun 08 2026;;-0.288
Mon Jun 08 2026;;-0.221
Mon Jun 08 2026;;-0.243
Mon Jun 08 2026;;-0.388
Mon Jun 08 2026;;-0.209
Mon Jun 08 2026;;-0.212
Mon Jun 08 2026;;-0.242
Mon Jun 08 2026;;-0.309
Mon Jun 08 2026;;-0.089
Mon Jun 08 2026;0.062;
Mon Jun 08 2026;;-0.096
Mon Jun 08 2026;;-0.294
Mon Jun 08 2026;;-0.281
Mon Jun 08 2026;0.114;
Mon Jun 08 2026;;-0.252
Mon Jun 08 2026;;-0.229
Mon Jun 08 2026;;-0.273
Mon Jun 08 2026;;-0.303
Mon Jun 08 2026;0.136;
Mon Jun 08 2026;0.436;
Mon Jun 08 2026;;-0.006
Mon Jun 08 2026;;-0.046
Mon Jun 08 2026;;-0.025
Mon Jun 08 2026;;-0.174
Mon Jun 08 2026;;-0.019
Mon Jun 08 2026;;-0.039
Mon Jun 08 2026;0.01;
Mon Jun 08 2026;0.143;
Mon Jun 08 2026;0.258;
Mon Jun 08 2026;0.332;
Mon Jun 08 2026;0.391;
Mon Jun 08 2026;0.478;
Mon Jun 08 2026;0.502;
Mon Jun 08 2026;0.572;
Mon Jun 08 2026;0.613;
Mon Jun 08 2026;0.708;
Mon Jun 08 2026;0.765;
Mon Jun 08 2026;0.604;
Mon Jun 08 2026;0.45;
Mon Jun 08 2026;0.442;
Mon Jun 08 2026;0.445;
Mon Jun 08 2026;0.432;
Mon Jun 08 2026;0.491;
Mon Jun 08 2026;0.485;
Mon Jun 08 2026;0.469;
Mon Jun 08 2026;0.442;
Mon Jun 08 2026;0.438;
Mon Jun 08 2026;0.413;
Mon Jun 08 2026;0.388;
Mon Jun 08 2026;0.276;
Mon Jun 08 2026;0.182;
Mon Jun 08 2026;0.153;
Tue Jun 09 2026;0.175;
Tue Jun 09 2026;0.17;
Tue Jun 09 2026;0.151;
Tue Jun 09 2026;0.169;
Tue Jun 09 2026;0.131;
Tue Jun 09 2026;0.112;
Tue Jun 09 2026;0.114;
Tue Jun 09 2026;0.127;
Tue Jun 09 2026;0.112;
Tue Jun 09 2026;0.106;
Tue Jun 09 2026;0.124;
Tue Jun 09 2026;0.11;
Tue Jun 09 2026;0.104;
Tue Jun 09 2026;0.104;
Tue Jun 09 2026;0.121;
Tue Jun 09 2026;0.113;
Tue Jun 09 2026;0.114;
Tue Jun 09 2026;0.106;
Tue Jun 09 2026;0.116;
Tue Jun 09 2026;0.115;
Tue Jun 09 2026;0.117;
Tue Jun 09 2026;0.121;
Tue Jun 09 2026;0.2;
Tue Jun 09 2026;0.146;
Tue Jun 09 2026;0.152;
Tue Jun 09 2026;0.136;
Tue Jun 09 2026;0.128;
Tue Jun 09 2026;0.213;
Tue Jun 09 2026;0.204;
Tue Jun 09 2026;0.148;
Tue Jun 09 2026;0.173;
Tue Jun 09 2026;0.316;
Tue Jun 09 2026;0.126;
Tue Jun 09 2026;0.092;
Tue Jun 09 2026;0.045;
Tue Jun 09 2026;;-0.129
Tue Jun 09 2026;;-0.056
Tue Jun 09 2026;;-0.13
Tue Jun 09 2026;;-0.071
Tue Jun 09 2026;0.044;
Tue Jun 09 2026;;-0.098
Tue Jun 09 2026;;-0.106
Tue Jun 09 2026;;-0.157
Tue Jun 09 2026;;-0.266
Tue Jun 09 2026;;-0.213
Tue Jun 09 2026;;-0.276
Tue Jun 09 2026;;-0.411
Tue Jun 09 2026;;-0.171
Tue Jun 09 2026;;-0.072
Tue Jun 09 2026;;-0.273
Tue Jun 09 2026;;-0.08
Tue Jun 09 2026;;-0.017
Tue Jun 09 2026;;-0.103
Tue Jun 09 2026;0.277;
Tue Jun 09 2026;;-0.043
Tue Jun 09 2026;;-0.021
Tue Jun 09 2026;;-0.143
Tue Jun 09 2026;;-0.26
Tue Jun 09 2026;;-0.244
Tue Jun 09 2026;;-0.274
Tue Jun 09 2026;;-0.366
Tue Jun 09 2026;;-0.224
Tue Jun 09 2026;;-0.18
Tue Jun 09 2026;0.351;
Tue Jun 09 2026;;-0.113
Tue Jun 09 2026;;-0.13
Tue Jun 09 2026;0.154;
Tue Jun 09 2026;;-0.047
Tue Jun 09 2026;;-0.151
Tue Jun 09 2026;0.024;
Tue Jun 09 2026;0.314;
Tue Jun 09 2026;0.015;
Tue Jun 09 2026;;-0.009
Tue Jun 09 2026;;-0.039
Tue Jun 09 2026;0.033;
Tue Jun 09 2026;0.214;
Tue Jun 09 2026;0.205;
Tue Jun 09 2026;0.153;
Tue Jun 09 2026;0.108;
Tue Jun 09 2026;0.125;
Tue Jun 09 2026;0.289;
Tue Jun 09 2026;0.225;
Tue Jun 09 2026;0.244;
Tue Jun 09 2026;0.256;
Tue Jun 09 2026;0.275;
Tue Jun 09 2026;0.256;
Tue Jun 09 2026;0.248;
Tue Jun 09 2026;0.239;
Tue Jun 09 2026;0.418;
Tue Jun 09 2026;0.438;
Tue Jun 09 2026;0.297;
Tue Jun 09 2026;0.253;
Tue Jun 09 2026;0.231;
Tue Jun 09 2026;0.211;
Tue Jun 09 2026;0.203;
Tue Jun 09 2026;0.197;
Wed Jun 10 2026;0.17;
Wed Jun 10 2026;0.186;
Wed Jun 10 2026;0.187;
Wed Jun 10 2026;0.158;
Wed Jun 10 2026;0.148;
Wed Jun 10 2026;0.144;
Wed Jun 10 2026;0.142;
Wed Jun 10 2026;0.118;
Wed Jun 10 2026;0.118;
Wed Jun 10 2026;0.117;
Wed Jun 10 2026;0.122;
Wed Jun 10 2026;0.116;
Wed Jun 10 2026;0.118;
Wed Jun 10 2026;0.114;
Wed Jun 10 2026;0.108;
Wed Jun 10 2026;0.12;
Wed Jun 10 2026;0.114;
Wed Jun 10 2026;0.107;
Wed Jun 10 2026;0.115;
Wed Jun 10 2026;0.134;
Wed Jun 10 2026;0.128;
Wed Jun 10 2026;0.113;
Wed Jun 10 2026;0.114;
Wed Jun 10 2026;0.134;
Wed Jun 10 2026;0.152;
Wed Jun 10 2026;0.136;
Wed Jun 10 2026;0.209;
Wed Jun 10 2026;0.294;
Wed Jun 10 2026;0.083;
Wed Jun 10 2026;0.096;
Wed Jun 10 2026;0.19;
Wed Jun 10 2026;0.377;
Wed Jun 10 2026;0.403;
Wed Jun 10 2026;0.478;
Wed Jun 10 2026;0.084;
Wed Jun 10 2026;;-0.135
Wed Jun 10 2026;0.097;
Wed Jun 10 2026;;-0.117
Wed Jun 10 2026;;-0.214
Wed Jun 10 2026;;-0.271
Wed Jun 10 2026;;-0.127
Wed Jun 10 2026;;-0.278
Wed Jun 10 2026;;-0.24
Wed Jun 10 2026;;-0.185
Wed Jun 10 2026;;-0.334
Wed Jun 10 2026;;-0.187
Wed Jun 10 2026;;-0.182
Wed Jun 10 2026;;-0.245
Wed Jun 10 2026;;-0.268
Wed Jun 10 2026;;-0.138
Wed Jun 10 2026;;-0.318
Wed Jun 10 2026;;-0.259
Wed Jun 10 2026;;-0.232
Wed Jun 10 2026;;-0.146
Wed Jun 10 2026;0.238;
Wed Jun 10 2026;0.144;
Wed Jun 10 2026;0.231;
Wed Jun 10 2026;;-0.153
Wed Jun 10 2026;;-0.305
Wed Jun 10 2026;;-0.203
Wed Jun 10 2026;;-0.266
Wed Jun 10 2026;;-0.267
Wed Jun 10 2026;;-0.164
Wed Jun 10 2026;;-0.064
Wed Jun 10 2026;;-0.327
Wed Jun 10 2026;;-0.203
Wed Jun 10 2026;;-0.135
Wed Jun 10 2026;;-0.267
Wed Jun 10 2026;;-0.312
Wed Jun 10 2026;;-0.288
Wed Jun 10 2026;;-0.3
Wed Jun 10 2026;;-0.274
Wed Jun 10 2026;;-0.347
Wed Jun 10 2026;;-0.219
Wed Jun 10 2026;;-0.042
Wed Jun 10 2026;;-0.266
Wed Jun 10 2026;0;
Wed Jun 10 2026;0.025;
Wed Jun 10 2026;;-0.093
Wed Jun 10 2026;0.073;
Wed Jun 10 2026;0.079;
Wed Jun 10 2026;0.14;
Wed Jun 10 2026;0.146;
Wed Jun 10 2026;0.173;
Wed Jun 10 2026;0.285;
Wed Jun 10 2026;0.436;
Wed Jun 10 2026;0.386;
Wed Jun 10 2026;0.27;
Wed Jun 10 2026;0.337;
Wed Jun 10 2026;0.26;
Wed Jun 10 2026;0.273;
Wed Jun 10 2026;0.249;
Wed Jun 10 2026;0.244;
Wed Jun 10 2026;0.216;
Wed Jun 10 2026;0.21;
Wed Jun 10 2026;0.21;
Thu Jun 11 2026;0.211;
Thu Jun 11 2026;0.209;
Thu Jun 11 2026;0.193;
Thu Jun 11 2026;0.169;
Thu Jun 11 2026;0.129;
Thu Jun 11 2026;0.127;
Thu Jun 11 2026;0.127;
Thu Jun 11 2026;0.124;
Thu Jun 11 2026;0.126;
Thu Jun 11 2026;0.125;
Thu Jun 11 2026;0.119;
Thu Jun 11 2026;0.106;
Thu Jun 11 2026;0.121;
Thu Jun 11 2026;0.12;
Thu Jun 11 2026;0.11;
Thu Jun 11 2026;0.12;
Thu Jun 11 2026;0.123;
Thu Jun 11 2026;0.119;
Thu Jun 11 2026;0.104;
Thu Jun 11 2026;0.112;
Thu Jun 11 2026;0.117;
Thu Jun 11 2026;0.117;
Thu Jun 11 2026;0.206;
Thu Jun 11 2026;0.165;
Thu Jun 11 2026;0.144;
Thu Jun 11 2026;0.144;
Thu Jun 11 2026;0.181;
Thu Jun 11 2026;0.131;
Thu Jun 11 2026;0.185;
Thu Jun 11 2026;0.15;
Thu Jun 11 2026;0.046;
Thu Jun 11 2026;0.013;
Thu Jun 11 2026;;-0.003
Thu Jun 11 2026;;-0.049
Thu Jun 11 2026;;-0.077
Thu Jun 11 2026;;-0.124
Thu Jun 11 2026;;-0.107
Thu Jun 11 2026;;-0.004
Thu Jun 11 2026;;-0.39
Thu Jun 11 2026;;-0.319
Thu Jun 11 2026;;-0.129
Thu Jun 11 2026;0.032;
Thu Jun 11 2026;;-0.028
Thu Jun 11 2026;;-0.02
Thu Jun 11 2026;;-0.362
Thu Jun 11 2026;;-0.185
Thu Jun 11 2026;0.325;
Thu Jun 11 2026;;-0.22
Thu Jun 11 2026;;-0.113
Thu Jun 11 2026;0.104;
Thu Jun 11 2026;0.473;
Thu Jun 11 2026;;-0.053
Thu Jun 11 2026;;-0.152
Thu Jun 11 2026;;-0.09
Thu Jun 11 2026;;-0.157
Thu Jun 11 2026;;-0.212
Thu Jun 11 2026;;-0.245
Thu Jun 11 2026;;-0.324
Thu Jun 11 2026;;-1.472
Thu Jun 11 2026;;-1.631
Thu Jun 11 2026;;-1.535
Thu Jun 11 2026;;-1.518
Thu Jun 11 2026;;-0.54
Thu Jun 11 2026;;-0.223
Thu Jun 11 2026;;-0.184
Thu Jun 11 2026;;-0.302
Thu Jun 11 2026;;-0.143
Thu Jun 11 2026;;-0.378
Thu Jun 11 2026;;-0.435
Thu Jun 11 2026;;-0.289
Thu Jun 11 2026;;-0.338
Thu Jun 11 2026;;-0.169
Thu Jun 11 2026;;-0.124
Thu Jun 11 2026;;-0.3
Thu Jun 11 2026;;-0.286
Thu Jun 11 2026;;-0.262
Thu Jun 11 2026;;-0.17
Thu Jun 11 2026;;-0.034
Thu Jun 11 2026;0.09;
Thu Jun 11 2026;0.026;
Thu Jun 11 2026;0.202;
Thu Jun 11 2026;0.251;
Thu Jun 11 2026;0.208;
Thu Jun 11 2026;0.244;
Thu Jun 11 2026;0.216;
Thu Jun 11 2026;0.25;
Thu Jun 11 2026;0.231;
Thu Jun 11 2026;0.221;
Thu Jun 11 2026;0.211;
Thu Jun 11 2026;0.215;
Thu Jun 11 2026;0.307;
Thu Jun 11 2026;0.175;
Thu Jun 11 2026;0.258;
Thu Jun 11 2026;0.171;
Thu Jun 11 2026;0.163;
Thu Jun 11 2026;0.174;
Fri Jun 12 2026;0.167;
Fri Jun 12 2026;0.157;
Fri Jun 12 2026;0.363;
Fri Jun 12 2026;0.35;
Fri Jun 12 2026;0.236;
Fri Jun 12 2026;0.235;
Fri Jun 12 2026;0.117;
Fri Jun 12 2026;0.115;
Fri Jun 12 2026;0.107;
Fri Jun 12 2026;0.118;
Fri Jun 12 2026;0.127;
Fri Jun 12 2026;0.113;
Fri Jun 12 2026;0.097;
Fri Jun 12 2026;0.113;
Fri Jun 12 2026;0.12;
Fri Jun 12 2026;0.114;
Fri Jun 12 2026;0.104;
Fri Jun 12 2026;0.11;
Fri Jun 12 2026;0.113;
Fri Jun 12 2026;0.104;
Fri Jun 12 2026;0.105;
Fri Jun 12 2026;0.108;
Fri Jun 12 2026;0.144;
Fri Jun 12 2026;0.205;
Fri Jun 12 2026;0.348;
Fri Jun 12 2026;0.192;
Fri Jun 12 2026;0.143;
Fri Jun 12 2026;0.113;
Fri Jun 12 2026;0.105;
Fri Jun 12 2026;0.195;
Fri Jun 12 2026;0.124;
Fri Jun 12 2026;0.222;
Fri Jun 12 2026;0.085;
Fri Jun 12 2026;;-0.006
Fri Jun 12 2026;;-0.106
Fri Jun 12 2026;;-0.117
Fri Jun 12 2026;;-0.11
Fri Jun 12 2026;;-0.136
Fri Jun 12 2026;;-0.205
Fri Jun 12 2026;0.126;
Fri Jun 12 2026;;-0.23
Fri Jun 12 2026;0.144;
Fri Jun 12 2026;;-0.259
Fri Jun 12 2026;;-0.251
Fri Jun 12 2026;;-0.362
Fri Jun 12 2026;;-0.242
Fri Jun 12 2026;;-0.225
Fri Jun 12 2026;;-0.206
Fri Jun 12 2026;;-0.153
Fri Jun 12 2026;;-0.185
Fri Jun 12 2026;;-0.126
Fri Jun 12 2026;;-0.271
Fri Jun 12 2026;;-0.649
Fri Jun 12 2026;;-1.442
Fri Jun 12 2026;;-1.275
Fri Jun 12 2026;;-1.088
Fri Jun 12 2026;;-0.828
Fri Jun 12 2026;;-0.571
Fri Jun 12 2026;;-0.46
Fri Jun 12 2026;;-0.595
Fri Jun 12 2026;;-0.281
Fri Jun 12 2026;;-0.412
Fri Jun 12 2026;;-0.39
Fri Jun 12 2026;;-0.244
Fri Jun 12 2026;;-0.201
Fri Jun 12 2026;;-0.206
Fri Jun 12 2026;;-0.158
Fri Jun 12 2026;;-0.377
Fri Jun 12 2026;;-0.344
Fri Jun 12 2026;;-0.309
Fri Jun 12 2026;;-0.214
Fri Jun 12 2026;;-0.217
Fri Jun 12 2026;;-0.054
Fri Jun 12 2026;;-0.207
Fri Jun 12 2026;;-0.138
Fri Jun 12 2026;;-0.089
Fri Jun 12 2026;;-0.126
Fri Jun 12 2026;;-0.213
Fri Jun 12 2026;0.815;
Fri Jun 12 2026;0.587;
Fri Jun 12 2026;0.133;
Fri Jun 12 2026;0.12;
Fri Jun 12 2026;0.153;
Fri Jun 12 2026;0.131;
Fri Jun 12 2026;0.158;
Fri Jun 12 2026;0.488;
Fri Jun 12 2026;0.612;
Fri Jun 12 2026;0.217;
Fri Jun 12 2026;0.191;
Fri Jun 12 2026;0.302;
Fri Jun 12 2026;0.233;
Fri Jun 12 2026;0.214;
Fri Jun 12 2026;0.205;
Fri Jun 12 2026;0.18;
Fri Jun 12 2026;0.163;
Fri Jun 12 2026;0.166;
Sat Jun 13 2026;0.138;
Sat Jun 13 2026;0.136;
Sat Jun 13 2026;0.13;
Sat Jun 13 2026;0.123;
Sat Jun 13 2026;0.122;
Sat Jun 13 2026;0.135;
Sat Jun 13 2026;0.131;
Sat Jun 13 2026;0.111;
Sat Jun 13 2026;0.117;
Sat Jun 13 2026;0.132;
Sat Jun 13 2026;0.124;
Sat Jun 13 2026;0.109;
Sat Jun 13 2026;0.119;
Sat Jun 13 2026;0.124;
Sat Jun 13 2026;0.114;
Sat Jun 13 2026;0.125;
Sat Jun 13 2026;0.136;
Sat Jun 13 2026;0.133;
Sat Jun 13 2026;0.112;
Sat Jun 13 2026;0.113;
Sat Jun 13 2026;0.132;
Sat Jun 13 2026;0.123;
Sat Jun 13 2026;0.12;
Sat Jun 13 2026;0.379;
Sat Jun 13 2026;0.324;
Sat Jun 13 2026;0.147;
Sat Jun 13 2026;0.122;
Sat Jun 13 2026;0.11;
Sat Jun 13 2026;0.109;
Sat Jun 13 2026;0.147;
Sat Jun 13 2026;0.121;
Sat Jun 13 2026;0.143;
Sat Jun 13 2026;0.07;
Sat Jun 13 2026;0.105;
Sat Jun 13 2026;;-0.006
Sat Jun 13 2026;;-0.089
Sat Jun 13 2026;;-0.198
Sat Jun 13 2026;;-0.172
Sat Jun 13 2026;;-0.376
Sat Jun 13 2026;;-0.393
Sat Jun 13 2026;;-0.128
Sat Jun 13 2026;;-0.212
Sat Jun 13 2026;;-0.051
Sat Jun 13 2026;;-0.157
Sat Jun 13 2026;;-0.196
Sat Jun 13 2026;;-0.275
Sat Jun 13 2026;;-0.367
Sat Jun 13 2026;;-0.439
Sat Jun 13 2026;;-0.464
Sat Jun 13 2026;;-0.087
Sat Jun 13 2026;;-0.091
Sat Jun 13 2026;;-0.823
Sat Jun 13 2026;;-1.388
Sat Jun 13 2026;;-1.41
Sat Jun 13 2026;;-1.328
Sat Jun 13 2026;;-1.501
Sat Jun 13 2026;;-1.507
Sat Jun 13 2026;;-1.471
Sat Jun 13 2026;;-1.156
Sat Jun 13 2026;;-1.324
Sat Jun 13 2026;;-0.261
Sat Jun 13 2026;;-0.217
Sat Jun 13 2026;;-0.147
Sat Jun 13 2026;;-0.275
Sat Jun 13 2026;;-0.414
Sat Jun 13 2026;;-1.143
Sat Jun 13 2026;;-1.127
Sat Jun 13 2026;;-0.988
Sat Jun 13 2026;;-0.797
Sat Jun 13 2026;;-0.529
Sat Jun 13 2026;;-0.073
Sat Jun 13 2026;0.741;
Sat Jun 13 2026;;-0.001
Sat Jun 13 2026;;-0.295
Sat Jun 13 2026;;-0.267
Sat Jun 13 2026;;-0.221
Sat Jun 13 2026;;-0.205
Sat Jun 13 2026;;-0.143
Sat Jun 13 2026;0.038;
Sat Jun 13 2026;0.169;
Sat Jun 13 2026;0.044;
Sat Jun 13 2026;0.044;
Sat Jun 13 2026;0.074;
Sat Jun 13 2026;0.122;
Sat Jun 13 2026;0.139;
Sat Jun 13 2026;0.174;
Sat Jun 13 2026;0.204;
Sat Jun 13 2026;0.199;
Sat Jun 13 2026;0.3;
Sat Jun 13 2026;0.734;
Sat Jun 13 2026;0.457;
Sat Jun 13 2026;0.203;
Sat Jun 13 2026;0.186;
Sat Jun 13 2026;0.189;
Sat Jun 13 2026;0.213;
Sat Jun 13 2026;0.233;
Sun Jun 14 2026;0.612;
Sun Jun 14 2026;0.344;
Sun Jun 14 2026;0.228;
Sun Jun 14 2026;0.199;
Sun Jun 14 2026;0.403;
Sun Jun 14 2026;0.187;
Sun Jun 14 2026;0.17;
Sun Jun 14 2026;0.166;
Sun Jun 14 2026;0.168;
Sun Jun 14 2026;0.161;
Sun Jun 14 2026;0.131;
Sun Jun 14 2026;0.127;
Sun Jun 14 2026;0.135;
Sun Jun 14 2026;0.139;
Sun Jun 14 2026;0.12;
Sun Jun 14 2026;0.127;
Sun Jun 14 2026;0.137;
Sun Jun 14 2026;0.131;
Sun Jun 14 2026;0.12;
Sun Jun 14 2026;0.125;
Sun Jun 14 2026;0.127;
Sun Jun 14 2026;0.125;
Sun Jun 14 2026;0.128;
Sun Jun 14 2026;0.151;
Sun Jun 14 2026;0.211;
Sun Jun 14 2026;0.245;
Sun Jun 14 2026;0.123;
Sun Jun 14 2026;0.1;
Sun Jun 14 2026;0.189;
Sun Jun 14 2026;0.071;
Sun Jun 14 2026;0.084;
Sun Jun 14 2026;0.079;
Sun Jun 14 2026;0.088;
Sun Jun 14 2026;0.014;
Sun Jun 14 2026;0.036;
Sun Jun 14 2026;0.023;
Sun Jun 14 2026;;-0.014
Sun Jun 14 2026;;-0.129
Sun Jun 14 2026;;-0.388
Sun Jun 14 2026;;-0.287
Sun Jun 14 2026;;-0.141
Sun Jun 14 2026;;-0.198
Sun Jun 14 2026;;-0.095
Sun Jun 14 2026;0.015;
Sun Jun 14 2026;;-0.095
Sun Jun 14 2026;;-0.301
Sun Jun 14 2026;;-0.375
Sun Jun 14 2026;;-0.413
Sun Jun 14 2026;;-0.376
Sun Jun 14 2026;;-0.116
Sun Jun 14 2026;;-0.054
Sun Jun 14 2026;;-0.372
Sun Jun 14 2026;;-1.389
Sun Jun 14 2026;;-1.412
Sun Jun 14 2026;;-1.487
Sun Jun 14 2026;;-1.246
Sun Jun 14 2026;;-1.052
Sun Jun 14 2026;;-0.111
Sun Jun 14 2026;;-1.036
Sun Jun 14 2026;;-1.1
Sun Jun 14 2026;;-0.144
Sun Jun 14 2026;;-0.193
Sun Jun 14 2026;;-0.235
Sun Jun 14 2026;;-0.95
Sun Jun 14 2026;;-0.707
Sun Jun 14 2026;;-0.293
Sun Jun 14 2026;;-0.406
Sun Jun 14 2026;;-0.376
Sun Jun 14 2026;;-0.316
Sun Jun 14 2026;;-0.245
Sun Jun 14 2026;;-0.174
Sun Jun 14 2026;;-0.128
Sun Jun 14 2026;0.017;
Sun Jun 14 2026;0.251;
Sun Jun 14 2026;0.314;
Sun Jun 14 2026;0.057;
Sun Jun 14 2026;0.424;
Sun Jun 14 2026;0.031;
Sun Jun 14 2026;0.818;
Sun Jun 14 2026;0.837;
Sun Jun 14 2026;0.437;
Sun Jun 14 2026;0.419;
Sun Jun 14 2026;0.193;
Sun Jun 14 2026;0.636;
Sun Jun 14 2026;0.2;
Sun Jun 14 2026;0.246;
Sun Jun 14 2026;0.47;
Sun Jun 14 2026;0.234;
Sun Jun 14 2026;0.231;
Sun Jun 14 2026;0.237;
Sun Jun 14 2026;0.211;
Sun Jun 14 2026;0.15;
Sun Jun 14 2026;0.134;
Sun Jun 14 2026;0.163;
Sun Jun 14 2026;0.135;
Sun Jun 14 2026;0.121;
Mon Jun 15 2026;0.122;
Mon Jun 15 2026;0.131;
Mon Jun 15 2026;0.118;
Mon Jun 15 2026;0.116;
Mon Jun 15 2026;0.127;
Mon Jun 15 2026;0.118;
Mon Jun 15 2026;0.111;
Mon Jun 15 2026;0.123;
Mon Jun 15 2026;0.132;
Mon Jun 15 2026;0.13;
Mon Jun 15 2026;0.122;
Mon Jun 15 2026;0.125;
Mon Jun 15 2026;0.129;
Mon Jun 15 2026;0.118;
Mon Jun 15 2026;0.12;
Mon Jun 15 2026;0.128;
Mon Jun 15 2026;0.13;
Mon Jun 15 2026;0.111;
Mon Jun 15 2026;0.123;
Mon Jun 15 2026;0.121;
Mon Jun 15 2026;0.117;
Mon Jun 15 2026;0.115;
Mon Jun 15 2026;0.174;
Mon Jun 15 2026;0.149;
Mon Jun 15 2026;0.145;
Mon Jun 15 2026;0.141;
Mon Jun 15 2026;0.181;
Mon Jun 15 2026;0.103;
Mon Jun 15 2026;0.124;
Mon Jun 15 2026;0.687;
Mon Jun 15 2026;0.131;
Mon Jun 15 2026;0.128;
Mon Jun 15 2026;0.109;
Mon Jun 15 2026;0.183;
Mon Jun 15 2026;0.318;
Mon Jun 15 2026;0.032;
Mon Jun 15 2026;;-0.132
Mon Jun 15 2026;;-0.21
Mon Jun 15 2026;;-0.319
Mon Jun 15 2026;;-0.442
Mon Jun 15 2026;;-0.405
Mon Jun 15 2026;;-0.234
Mon Jun 15 2026;;-0.147
Mon Jun 15 2026;;-0.419
Mon Jun 15 2026;;-0.342
Mon Jun 15 2026;;-0.064
Mon Jun 15 2026;;-0.327
Mon Jun 15 2026;;-0.352
Mon Jun 15 2026;;-0.291
Mon Jun 15 2026;;-0.165
Mon Jun 15 2026;;-0.159
Mon Jun 15 2026;;-0.105
Mon Jun 15 2026;;-0.275
Mon Jun 15 2026;;-0.105
Mon Jun 15 2026;;-0.432
Mon Jun 15 2026;;-1.4
Mon Jun 15 2026;;-1.52
Mon Jun 15 2026;;-1.462
Mon Jun 15 2026;;-1.343
Mon Jun 15 2026;;-1.329
Mon Jun 15 2026;;-1.269
Mon Jun 15 2026;;-1.194
Mon Jun 15 2026;;-0.689
Mon Jun 15 2026;;-0.532
Mon Jun 15 2026;;-0.293
Mon Jun 15 2026;;-0.341
Mon Jun 15 2026;;-0.23
Mon Jun 15 2026;0.013;
Mon Jun 15 2026;;-0.117
Mon Jun 15 2026;;-0.046
Mon Jun 15 2026;;-0.137
Mon Jun 15 2026;;-0.086
Mon Jun 15 2026;;-0.228
Mon Jun 15 2026;;-0.134
Mon Jun 15 2026;;-0.318
Mon Jun 15 2026;;-0.256
Mon Jun 15 2026;0.035;
Mon Jun 15 2026;;-0.117
Mon Jun 15 2026;;-0.077
Mon Jun 15 2026;0.01;
Mon Jun 15 2026;0.198;
Mon Jun 15 2026;0.199;
Mon Jun 15 2026;0.191;
Mon Jun 15 2026;0.256;
Mon Jun 15 2026;0.202;
Mon Jun 15 2026;0.205;
Mon Jun 15 2026;0.318;
Mon Jun 15 2026;0.28;
Mon Jun 15 2026;0.377;
Mon Jun 15 2026;0.492;
Mon Jun 15 2026;0.486;
Mon Jun 15 2026;0.49;
Mon Jun 15 2026;0.452;
Mon Jun 15 2026;0.42;
Mon Jun 15 2026;0.43;
Mon Jun 15 2026;0.403;
Tue Jun 16 2026;0.396;
Tue Jun 16 2026;0.343;
Tue Jun 16 2026;0.362;
Tue Jun 16 2026;0.356;
Tue Jun 16 2026;0.328;
Tue Jun 16 2026;0.251;
Tue Jun 16 2026;0.156;
Tue Jun 16 2026;0.143;
Tue Jun 16 2026;0.139;
Tue Jun 16 2026;0.149;
Tue Jun 16 2026;0.151;
Tue Jun 16 2026;0.134;
Tue Jun 16 2026;0.136;
Tue Jun 16 2026;0.126;
Tue Jun 16 2026;0.12;
Tue Jun 16 2026;0.131;
Tue Jun 16 2026;0.118;
Tue Jun 16 2026;0.118;
Tue Jun 16 2026;0.127;
Tue Jun 16 2026;0.121;
Tue Jun 16 2026;0.109;
Tue Jun 16 2026;0.127;
Tue Jun 16 2026;0.177;
Tue Jun 16 2026;0.141;
Tue Jun 16 2026;0.149;
Tue Jun 16 2026;0.145;
Tue Jun 16 2026;0.22;
Tue Jun 16 2026;0.157;
Tue Jun 16 2026;0.111;
Tue Jun 16 2026;0.135;
Tue Jun 16 2026;0.058;
Tue Jun 16 2026;0.078;
Tue Jun 16 2026;0.005;
Tue Jun 16 2026;0.131;
Tue Jun 16 2026;0.041;
Tue Jun 16 2026;0.044;
Tue Jun 16 2026;;-0.018
Tue Jun 16 2026;0.065;
Tue Jun 16 2026;;-0.227
Tue Jun 16 2026;;-0.309
Tue Jun 16 2026;;-0.374
Tue Jun 16 2026;;-0.214
Tue Jun 16 2026;;-0.357
Tue Jun 16 2026;;-0.088
Tue Jun 16 2026;;-0.035
Tue Jun 16 2026;;-0.252
Tue Jun 16 2026;;-0.183
Tue Jun 16 2026;;-0.173
Tue Jun 16 2026;;-0.148
Tue Jun 16 2026;;-0.288
Tue Jun 16 2026;;-0.286
Tue Jun 16 2026;;-0.131
Tue Jun 16 2026;;-0.183
Tue Jun 16 2026;;-0.147
Tue Jun 16 2026;;-0.212
Tue Jun 16 2026;;-0.903
Tue Jun 16 2026;;-1.403
Tue Jun 16 2026;;-1.502
Tue Jun 16 2026;;-1.376
Tue Jun 16 2026;;-1.329
Tue Jun 16 2026;;-1.366
Tue Jun 16 2026;;-0.756
Tue Jun 16 2026;;-0.127
Tue Jun 16 2026;;-0.213
Tue Jun 16 2026;;-0.258
Tue Jun 16 2026;;-0.467
Tue Jun 16 2026;;-0.444
Tue Jun 16 2026;;-0.291
Tue Jun 16 2026;;-0.226
Tue Jun 16 2026;;-0.122
Tue Jun 16 2026;0.015;
Tue Jun 16 2026;;-0.006
Tue Jun 16 2026;0.007;
Tue Jun 16 2026;0.008;
Tue Jun 16 2026;0.159;
Tue Jun 16 2026;0.12;
Tue Jun 16 2026;0.231;
Tue Jun 16 2026;0.163;
Tue Jun 16 2026;1.308;
Tue Jun 16 2026;0.539;
Tue Jun 16 2026;0.497;
Tue Jun 16 2026;0.591;
Tue Jun 16 2026;0.464;
Tue Jun 16 2026;0.424;
Tue Jun 16 2026;0.389;
Tue Jun 16 2026;0.395;
Tue Jun 16 2026;0.627;
Tue Jun 16 2026;0.294;
Tue Jun 16 2026;0.3;
Tue Jun 16 2026;0.305;
Tue Jun 16 2026;0.605;
Tue Jun 16 2026;0.54;
Tue Jun 16 2026;0.481;
Tue Jun 16 2026;0.242;
Tue Jun 16 2026;0.213;
Tue Jun 16 2026;0.269;
Wed Jun 17 2026;0.315;
Wed Jun 17 2026;0.185;
Wed Jun 17 2026;0.172;
Wed Jun 17 2026;0.156;
Wed Jun 17 2026;0.162;
Wed Jun 17 2026;0.168;
Wed Jun 17 2026;0.163;
Wed Jun 17 2026;0.15;
Wed Jun 17 2026;0.167;
Wed Jun 17 2026;0.163;
Wed Jun 17 2026;0.156;
Wed Jun 17 2026;0.159;
Wed Jun 17 2026;0.169;
Wed Jun 17 2026;0.159;
Wed Jun 17 2026;0.154;
Wed Jun 17 2026;0.166;
Wed Jun 17 2026;0.169;
Wed Jun 17 2026;0.144;
Wed Jun 17 2026;0.158;
Wed Jun 17 2026;0.166;
Wed Jun 17 2026;0.167;
Wed Jun 17 2026;0.151;
Wed Jun 17 2026;0.183;
Wed Jun 17 2026;0.201;
Wed Jun 17 2026;0.192;
Wed Jun 17 2026;0.167;
Wed Jun 17 2026;0.14;
Wed Jun 17 2026;0.217;
Wed Jun 17 2026;0.35;
Wed Jun 17 2026;0.18;
Wed Jun 17 2026;0.098;
Wed Jun 17 2026;0.168;
Wed Jun 17 2026;0.031;
Wed Jun 17 2026;0.059;
Wed Jun 17 2026;0.003;
Wed Jun 17 2026;;-0.071
Wed Jun 17 2026;;-0.134
Wed Jun 17 2026;;-0.151
Wed Jun 17 2026;;-0.251
Wed Jun 17 2026;;-0.409
Wed Jun 17 2026;;-0.434
Wed Jun 17 2026;;-0.172
Wed Jun 17 2026;;-0.094
Wed Jun 17 2026;;-0.312
Wed Jun 17 2026;;-0.15
Wed Jun 17 2026;;-0.232
Wed Jun 17 2026;;-0.251
Wed Jun 17 2026;;-0.254
Wed Jun 17 2026;;-0.138
Wed Jun 17 2026;;-0.238
Wed Jun 17 2026;;-0.209
Wed Jun 17 2026;;-0.28
Wed Jun 17 2026;;-0.193
Wed Jun 17 2026;;-0.277
Wed Jun 17 2026;;-0.271
Wed Jun 17 2026;;-0.39
Wed Jun 17 2026;;-0.289
Wed Jun 17 2026;;-0.633
Wed Jun 17 2026;;-1.131
Wed Jun 17 2026;;-0.536
Wed Jun 17 2026;;-0.98
Wed Jun 17 2026;;-1.298
Wed Jun 17 2026;;-0.876
Wed Jun 17 2026;;-0.477
Wed Jun 17 2026;;-0.169
Wed Jun 17 2026;;-0.129
Wed Jun 17 2026;;-0.226
Wed Jun 17 2026;;-0.436
Wed Jun 17 2026;;-0.265
Wed Jun 17 2026;;-0.293
Wed Jun 17 2026;;-0.168
Wed Jun 17 2026;;-0.151
Wed Jun 17 2026;;-0.19
Wed Jun 17 2026;;-0.196
Wed Jun 17 2026;;-0.203
Wed Jun 17 2026;;-0.386
Wed Jun 17 2026;;-0.291
Wed Jun 17 2026;;-0.042
Wed Jun 17 2026;;-0.129
Wed Jun 17 2026;;-0.042
Wed Jun 17 2026;0.053;
Wed Jun 17 2026;0.338;
Wed Jun 17 2026;0.416;
Wed Jun 17 2026;0.197;
Wed Jun 17 2026;0.211;
Wed Jun 17 2026;0.217;
Wed Jun 17 2026;0.199;
Wed Jun 17 2026;0.219;
Wed Jun 17 2026;0.219;
Wed Jun 17 2026;0.222;
Wed Jun 17 2026;0.219;
Wed Jun 17 2026;0.181;
Wed Jun 17 2026;0.159;
Wed Jun 17 2026;0.145;
Wed Jun 17 2026;0.146;
Wed Jun 17 2026;0.154;
Thu Jun 18 2026;0.172;
Thu Jun 18 2026;0.189;
Thu Jun 18 2026;0.164;
Thu Jun 18 2026;0.164;
Thu Jun 18 2026;0.154;
Thu Jun 18 2026;0.155;
Thu Jun 18 2026;0.152;
Thu Jun 18 2026;0.156;
Thu Jun 18 2026;0.149;
Thu Jun 18 2026;0.425;
Thu Jun 18 2026;0.333;
Thu Jun 18 2026;0.146;
Thu Jun 18 2026;0.151;
Thu Jun 18 2026;0.298;
Thu Jun 18 2026;0.252;
Thu Jun 18 2026;0.133;
Thu Jun 18 2026;0.127;
Thu Jun 18 2026;0.118;
Thu Jun 18 2026;0.124;
Thu Jun 18 2026;0.12;
Thu Jun 18 2026;0.117;
Thu Jun 18 2026;0.116;
Thu Jun 18 2026;0.181;
Thu Jun 18 2026;0.207;
Thu Jun 18 2026;0.155;
Thu Jun 18 2026;0.117;
Thu Jun 18 2026;0.165;
Thu Jun 18 2026;0.236;
Thu Jun 18 2026;0.135;
Thu Jun 18 2026;0.122;
Thu Jun 18 2026;0.146;
Thu Jun 18 2026;0.104;
Thu Jun 18 2026;0.367;
Thu Jun 18 2026;0.237;
Thu Jun 18 2026;0.183;
Thu Jun 18 2026;;-0.064
Thu Jun 18 2026;;-0.161
Thu Jun 18 2026;;-0.272
Thu Jun 18 2026;;-0.359
Thu Jun 18 2026;;-0.444
Thu Jun 18 2026;;-0.239
Thu Jun 18 2026;;-0.139
Thu Jun 18 2026;;-0.174
Thu Jun 18 2026;;-0.125
Thu Jun 18 2026;;-0.177
Thu Jun 18 2026;;-0.239
Thu Jun 18 2026;;-0.303
Thu Jun 18 2026;;-0.369
Thu Jun 18 2026;;-0.335
Thu Jun 18 2026;;-0.366
Thu Jun 18 2026;;-0.459
Thu Jun 18 2026;;-0.76
Thu Jun 18 2026;;-1.162
Thu Jun 18 2026;;-1.221
Thu Jun 18 2026;;-1.195
Thu Jun 18 2026;;-1.333
Thu Jun 18 2026;;-1.346
Thu Jun 18 2026;;-1.345
Thu Jun 18 2026;;-1.334
Thu Jun 18 2026;;-1.325
Thu Jun 18 2026;;-0.737
Thu Jun 18 2026;;-0.133
Thu Jun 18 2026;;-0.195
Thu Jun 18 2026;;-1.249
Thu Jun 18 2026;;-1.199
Thu Jun 18 2026;;-1.159
Thu Jun 18 2026;;-1.089
Thu Jun 18 2026;;-0.814
Thu Jun 18 2026;;-0.244
Thu Jun 18 2026;;-0.232
Thu Jun 18 2026;;-0.118
Thu Jun 18 2026;;-0.049
Thu Jun 18 2026;;-0.209
Thu Jun 18 2026;;-0.062
Thu Jun 18 2026;;-0.439
Thu Jun 18 2026;;-0.349
Thu Jun 18 2026;;-0.24
Thu Jun 18 2026;;-0.153
Thu Jun 18 2026;;-0.09
Thu Jun 18 2026;;-0.029
Thu Jun 18 2026;0.047;
Thu Jun 18 2026;0.085;
Thu Jun 18 2026;0.13;
Thu Jun 18 2026;0.369;
Thu Jun 18 2026;0.174;
Thu Jun 18 2026;0.171;
Thu Jun 18 2026;0.208;
Thu Jun 18 2026;0.21;
Thu Jun 18 2026;0.19;
Thu Jun 18 2026;0.213;
Thu Jun 18 2026;0.221;
Thu Jun 18 2026;0.22;
Thu Jun 18 2026;0.217;
Thu Jun 18 2026;0.161;
Thu Jun 18 2026;0.185;
Thu Jun 18 2026;0.205;
Fri Jun 19 2026;0.173;
Fri Jun 19 2026;0.191;
Fri Jun 19 2026;0.213;
Fri Jun 19 2026;0.174;
Fri Jun 19 2026;0.173;
Fri Jun 19 2026;0.184;
Fri Jun 19 2026;0.177;
Fri Jun 19 2026;0.236;
Fri Jun 19 2026;0.175;
Fri Jun 19 2026;0.152;
Fri Jun 19 2026;0.156;
Fri Jun 19 2026;0.14;
Fri Jun 19 2026;0.112;
Fri Jun 19 2026;0.124;
Fri Jun 19 2026;0.112;
Fri Jun 19 2026;0.105;
Fri Jun 19 2026;0.109;
Fri Jun 19 2026;0.118;
Fri Jun 19 2026;0.109;
Fri Jun 19 2026;0.105;
Fri Jun 19 2026;0.114;
Fri Jun 19 2026;0.118;
Fri Jun 19 2026;0.177;
Fri Jun 19 2026;0.197;
Fri Jun 19 2026;0.188;
Fri Jun 19 2026;0.125;
Fri Jun 19 2026;0.123;
Fri Jun 19 2026;0.108;
Fri Jun 19 2026;0.084;
Fri Jun 19 2026;0.104;
Fri Jun 19 2026;0.116;
Fri Jun 19 2026;;-0.022
Fri Jun 19 2026;;-0.095
Fri Jun 19 2026;;-0.166
Fri Jun 19 2026;;-0.148
Fri Jun 19 2026;;-0.188
Fri Jun 19 2026;;-0.237
Fri Jun 19 2026;;-0.271
Fri Jun 19 2026;;-0.387
Fri Jun 19 2026;;-0.355
Fri Jun 19 2026;;-0.331
Fri Jun 19 2026;;-0.166
Fri Jun 19 2026;;-0.081
Fri Jun 19 2026;;-0.254
Fri Jun 19 2026;;-0.154
Fri Jun 19 2026;;-0.19
Fri Jun 19 2026;;-0.238
Fri Jun 19 2026;;-0.188
Fri Jun 19 2026;;-0.178
Fri Jun 19 2026;;-0.46
Fri Jun 19 2026;;-0.425
Fri Jun 19 2026;;-0.341
Fri Jun 19 2026;;-0.128
Fri Jun 19 2026;;-1.03
Fri Jun 19 2026;;-1.315
Fri Jun 19 2026;;-1.349
Fri Jun 19 2026;;-1.373
Fri Jun 19 2026;;-1.365
Fri Jun 19 2026;;-0.612
Fri Jun 19 2026;;-0.165
Fri Jun 19 2026;;-0.701
Fri Jun 19 2026;;-0.431
Fri Jun 19 2026;0.162;
Fri Jun 19 2026;0.032;
Fri Jun 19 2026;0.09;
Fri Jun 19 2026;0.132;
Fri Jun 19 2026;0.112;
Fri Jun 19 2026;0.208;
Fri Jun 19 2026;0.164;
Fri Jun 19 2026;0.155;
Fri Jun 19 2026;0.163;
Fri Jun 19 2026;0.135;
Fri Jun 19 2026;0.118;
Fri Jun 19 2026;0.112;
Fri Jun 19 2026;0.048;
Fri Jun 19 2026;0.079;
Fri Jun 19 2026;0.313;
Fri Jun 19 2026;0.132;
Fri Jun 19 2026;0.167;
Fri Jun 19 2026;0.149;
Fri Jun 19 2026;0.16;
Fri Jun 19 2026;0.167;
Fri Jun 19 2026;0.218;
Fri Jun 19 2026;0.167;
Fri Jun 19 2026;0.154;
Fri Jun 19 2026;0.136;
Fri Jun 19 2026;0.143;
Fri Jun 19 2026;0.128;
Fri Jun 19 2026;0.13;
Fri Jun 19 2026;0.131;
Fri Jun 19 2026;0.137;
Fri Jun 19 2026;0.142;
Fri Jun 19 2026;0.174;
Fri Jun 19 2026;0.206;
Fri Jun 19 2026;0.326;
Fri Jun 19 2026;0.454;
Sat Jun 20 2026;0.147;
Sat Jun 20 2026;0.156;
Sat Jun 20 2026;0.155;
Sat Jun 20 2026;0.164;
Sat Jun 20 2026;0.249;
Sat Jun 20 2026;0.216;
Sat Jun 20 2026;0.181;
Sat Jun 20 2026;0.172;
Sat Jun 20 2026;0.154;
Sat Jun 20 2026;0.219;
Sat Jun 20 2026;0.177;
Sat Jun 20 2026;0.169;
Sat Jun 20 2026;0.155;
Sat Jun 20 2026;0.14;
Sat Jun 20 2026;0.12;
Sat Jun 20 2026;0.127;
Sat Jun 20 2026;0.124;
Sat Jun 20 2026;0.127;
Sat Jun 20 2026;0.117;
Sat Jun 20 2026;0.127;
Sat Jun 20 2026;0.13;
Sat Jun 20 2026;0.128;
Sat Jun 20 2026;0.133;
Sat Jun 20 2026;0.132;
Sat Jun 20 2026;0.127;
Sat Jun 20 2026;0.126;
Sat Jun 20 2026;0.103;
Sat Jun 20 2026;0.079;
Sat Jun 20 2026;0.193;
Sat Jun 20 2026;0.101;
Sat Jun 20 2026;0.082;
Sat Jun 20 2026;0.061;
Sat Jun 20 2026;0.061;
Sat Jun 20 2026;0.272;
Sat Jun 20 2026;0.85;
Sat Jun 20 2026;0.014;
Sat Jun 20 2026;;-0.137
Sat Jun 20 2026;;-0.253
Sat Jun 20 2026;;-0.137
Sat Jun 20 2026;;-0.285
Sat Jun 20 2026;;-0.211
Sat Jun 20 2026;;-0.17
Sat Jun 20 2026;;-0.144
Sat Jun 20 2026;;-0.04
Sat Jun 20 2026;;-0.113
Sat Jun 20 2026;;-0.122
Sat Jun 20 2026;;-0.195
Sat Jun 20 2026;;-0.342
Sat Jun 20 2026;;-0.402
Sat Jun 20 2026;;-0.46
Sat Jun 20 2026;;-0.491
Sat Jun 20 2026;;-0.047
Sat Jun 20 2026;;-0.123
Sat Jun 20 2026;;-1.006
Sat Jun 20 2026;;-1.358
Sat Jun 20 2026;;-1.405
Sat Jun 20 2026;;-1.398
Sat Jun 20 2026;;-1.342
Sat Jun 20 2026;;-1.375
Sat Jun 20 2026;;-1.359
Sat Jun 20 2026;;-0.251
Sat Jun 20 2026;;-0.143
Sat Jun 20 2026;;-0.085
Sat Jun 20 2026;;-1.047
Sat Jun 20 2026;;-1.207
Sat Jun 20 2026;;-1.133
Sat Jun 20 2026;;-1.069
Sat Jun 20 2026;;-1.03
Sat Jun 20 2026;;-0.986
Sat Jun 20 2026;;-0.912
Sat Jun 20 2026;;-0.774
Sat Jun 20 2026;;-0.092
Sat Jun 20 2026;;-0.04
Sat Jun 20 2026;;-0.158
Sat Jun 20 2026;;-0.321
Sat Jun 20 2026;;-0.399
Sat Jun 20 2026;;-0.32
Sat Jun 20 2026;;-0.155
Sat Jun 20 2026;0.049;
Sat Jun 20 2026;;-0.023
Sat Jun 20 2026;0.118;
Sat Jun 20 2026;0.091;
Sat Jun 20 2026;0.134;
Sat Jun 20 2026;0.147;
Sat Jun 20 2026;0.179;
Sat Jun 20 2026;0.172;
Sat Jun 20 2026;0.172;
Sat Jun 20 2026;0.234;
Sat Jun 20 2026;0.376;
Sat Jun 20 2026;0.282;
Sat Jun 20 2026;0.187;
Sat Jun 20 2026;0.177;
Sat Jun 20 2026;0.189;
Sat Jun 20 2026;0.173;
Sat Jun 20 2026;0.171;
Sat Jun 20 2026;0.185;
Sun Jun 21 2026;0.197;
Sun Jun 21 2026;0.191;
Sun Jun 21 2026;0.202;
Sun Jun 21 2026;0.213;
Sun Jun 21 2026;0.186;
Sun Jun 21 2026;0.145;
Sun Jun 21 2026;0.146;
Sun Jun 21 2026;0.123;
Sun Jun 21 2026;0.117;
Sun Jun 21 2026;0.14;
Sun Jun 21 2026;0.132;
Sun Jun 21 2026;0.113;
Sun Jun 21 2026;0.127;
Sun Jun 21 2026;0.128;
Sun Jun 21 2026;0.137;
Sun Jun 21 2026;0.134;
Sun Jun 21 2026;0.132;
Sun Jun 21 2026;0.116;
Sun Jun 21 2026;0.125;
Sun Jun 21 2026;0.118;
Sun Jun 21 2026;0.121;
Sun Jun 21 2026;0.125;
Sun Jun 21 2026;0.13;
Sun Jun 21 2026;0.152;
Sun Jun 21 2026;0.249;
Sun Jun 21 2026;0.326;
Sun Jun 21 2026;0.474;
Sun Jun 21 2026;0.213;
Sun Jun 21 2026;0.101;
Sun Jun 21 2026;0.092;
Sun Jun 21 2026;0.214;
Sun Jun 21 2026;0.076;
Sun Jun 21 2026;0.044;
Sun Jun 21 2026;0.015;
Sun Jun 21 2026;0.004;
Sun Jun 21 2026;;-0.07
Sun Jun 21 2026;;-0.125
Sun Jun 21 2026;;-0.189
Sun Jun 21 2026;;-0.345
Sun Jun 21 2026;;-0.412
Sun Jun 21 2026;;-0.231
Sun Jun 21 2026;;-0.141
Sun Jun 21 2026;;-0.197
Sun Jun 21 2026;;-0.049
Sun Jun 21 2026;;-0.154
Sun Jun 21 2026;;-0.233
Sun Jun 21 2026;;-0.222
Sun Jun 21 2026;;-0.027
Sun Jun 21 2026;;-0.039
Sun Jun 21 2026;;-0.206
Sun Jun 21 2026;;-0.313
Sun Jun 21 2026;;-0.308
Sun Jun 21 2026;;-0.299
Sun Jun 21 2026;;-0.105
Sun Jun 21 2026;;-0.098
Sun Jun 21 2026;;-1.267
Sun Jun 21 2026;;-1.279
Sun Jun 21 2026;;-1.065
Sun Jun 21 2026;;-1.274
Sun Jun 21 2026;;-1.251
Sun Jun 21 2026;;-0.869
Sun Jun 21 2026;;-0.221
Sun Jun 21 2026;;-0.384
Sun Jun 21 2026;;-0.41
Sun Jun 21 2026;;-0.393
Sun Jun 21 2026;;-0.341
Sun Jun 21 2026;;-0.298
Sun Jun 21 2026;;-0.287
Sun Jun 21 2026;;-0.198
Sun Jun 21 2026;;-0.166
Sun Jun 21 2026;;-0.001
Sun Jun 21 2026;0.21;
Sun Jun 21 2026;0.158;
Sun Jun 21 2026;0.387;
Sun Jun 21 2026;0.33;
Sun Jun 21 2026;0.323;
Sun Jun 21 2026;0.439;
Sun Jun 21 2026;0.193;
Sun Jun 21 2026;0.319;
Sun Jun 21 2026;0.149;
Sun Jun 21 2026;0.147;
Sun Jun 21 2026;0.143;
Sun Jun 21 2026;0.139;
Sun Jun 21 2026;0.164;
Sun Jun 21 2026;0.16;
Sun Jun 21 2026;0.182;
Sun Jun 21 2026;0.254;
Sun Jun 21 2026;0.263;
Sun Jun 21 2026;0.261;
Sun Jun 21 2026;0.246;
Sun Jun 21 2026;0.237;
Sun Jun 21 2026;0.237;
Sun Jun 21 2026;0.207;
Sun Jun 21 2026;0.215;
Sun Jun 21 2026;0.212;
Sun Jun 21 2026;0.21;
Mon Jun 22 2026;0.184;
Mon Jun 22 2026;0.153;
Mon Jun 22 2026;0.138;
Mon Jun 22 2026;0.142;
Mon Jun 22 2026;0.134;
Mon Jun 22 2026;0.125;
Mon Jun 22 2026;0.111;
Mon Jun 22 2026;0.135;
Mon Jun 22 2026;0.129;
Mon Jun 22 2026;0.131;
Mon Jun 22 2026;0.121;
Mon Jun 22 2026;0.135;
Mon Jun 22 2026;0.137;
Mon Jun 22 2026;0.119;
Mon Jun 22 2026;0.134;
Mon Jun 22 2026;0.138;
Mon Jun 22 2026;0.12;
Mon Jun 22 2026;0.122;
Mon Jun 22 2026;0.128;
Mon Jun 22 2026;0.134;
Mon Jun 22 2026;0.118;
Mon Jun 22 2026;0.128;
Mon Jun 22 2026;0.134;
Mon Jun 22 2026;0.143;
Mon Jun 22 2026;0.138;
Mon Jun 22 2026;0.136;
Mon Jun 22 2026;0.215;
Mon Jun 22 2026;0.114;
Mon Jun 22 2026;0.205;
Mon Jun 22 2026;0.199;
Mon Jun 22 2026;0.19;
Mon Jun 22 2026;0.198;
Mon Jun 22 2026;0.107;
Mon Jun 22 2026;0.096;
Mon Jun 22 2026;0.033;
Mon Jun 22 2026;;-0.051
Mon Jun 22 2026;;-0.149
Mon Jun 22 2026;;-0.247
Mon Jun 22 2026;;-0.337
Mon Jun 22 2026;;-0.422
Mon Jun 22 2026;;-0.231
Mon Jun 22 2026;;-0.155
Mon Jun 22 2026;;-0.144
Mon Jun 22 2026;;-0.071
Mon Jun 22 2026;;-0.132
Mon Jun 22 2026;;-0.206
Mon Jun 22 2026;;-0.259
Mon Jun 22 2026;;-0.32
Mon Jun 22 2026;;-0.369
Mon Jun 22 2026;;-0.176
Mon Jun 22 2026;;-0.278
Mon Jun 22 2026;;-0.448
Mon Jun 22 2026;;-0.494
Mon Jun 22 2026;;-0.324
Mon Jun 22 2026;;-0.798
Mon Jun 22 2026;;-1.268
Mon Jun 22 2026;;-1.303
Mon Jun 22 2026;;-1.347
Mon Jun 22 2026;;-1.358
Mon Jun 22 2026;;-1.314
Mon Jun 22 2026;;-1.283
Mon Jun 22 2026;;-1.259
Mon Jun 22 2026;;-0.797
Mon Jun 22 2026;;-1.167
Mon Jun 22 2026;;-0.488
Mon Jun 22 2026;;-0.419
Mon Jun 22 2026;;-0.297
Mon Jun 22 2026;;-0.251
Mon Jun 22 2026;;-0.315
Mon Jun 22 2026;;-0.277
Mon Jun 22 2026;;-0.145
Mon Jun 22 2026;;-0.212
Mon Jun 22 2026;;-0.037
Mon Jun 22 2026;;-0.308
Mon Jun 22 2026;;-0.275
Mon Jun 22 2026;;-0.302
Mon Jun 22 2026;;-0.246
Mon Jun 22 2026;;-0.014
Mon Jun 22 2026;0.184;
Mon Jun 22 2026;0.076;
Mon Jun 22 2026;0.025;
Mon Jun 22 2026;0.282;
Mon Jun 22 2026;0.12;
Mon Jun 22 2026;0.546;
Mon Jun 22 2026;0.264;
Mon Jun 22 2026;0.245;
Mon Jun 22 2026;0.228;
Mon Jun 22 2026;0.42;
Mon Jun 22 2026;0.206;
Mon Jun 22 2026;0.203;
Mon Jun 22 2026;0.169;
Mon Jun 22 2026;0.165;
Mon Jun 22 2026;0.166;
Mon Jun 22 2026;0.175;
Mon Jun 22 2026;0.154;
Mon Jun 22 2026;0.158;
Tue Jun 23 2026;0.154;
Tue Jun 23 2026;0.141;
Tue Jun 23 2026;0.133;
Tue Jun 23 2026;0.137;
Tue Jun 23 2026;0.145;
Tue Jun 23 2026;0.131;
Tue Jun 23 2026;0.134;
Tue Jun 23 2026;0.132;
Tue Jun 23 2026;0.118;
Tue Jun 23 2026;0.13;
Tue Jun 23 2026;0.135;
Tue Jun 23 2026;0.118;
Tue Jun 23 2026;0.126;
Tue Jun 23 2026;0.145;
Tue Jun 23 2026;0.132;
Tue Jun 23 2026;0.117;
Tue Jun 23 2026;0.123;
Tue Jun 23 2026;0.133;
Tue Jun 23 2026;0.121;
Tue Jun 23 2026;0.12;
Tue Jun 23 2026;0.12;
Tue Jun 23 2026;0.124;
Tue Jun 23 2026;0.123;
Tue Jun 23 2026;0.147;
Tue Jun 23 2026;0.141;
Tue Jun 23 2026;0.141;
Tue Jun 23 2026;0.114;
Tue Jun 23 2026;0.233;
Tue Jun 23 2026;0.103;
Tue Jun 23 2026;0.088;
Tue Jun 23 2026;0.074;
Tue Jun 23 2026;0.088;
Tue Jun 23 2026;0.07;
Tue Jun 23 2026;0.029;
Tue Jun 23 2026;0.002;
Tue Jun 23 2026;;-0.055
Tue Jun 23 2026;;-0.161
Tue Jun 23 2026;;-0.26
Tue Jun 23 2026;;-0.337
Tue Jun 23 2026;;-0.437
Tue Jun 23 2026;;-0.148
Tue Jun 23 2026;;-0.126
Tue Jun 23 2026;;-0.218
Tue Jun 23 2026;;-0.168
Tue Jun 23 2026;;-0.147
Tue Jun 23 2026;;-0.216
Tue Jun 23 2026;;-0.279
Tue Jun 23 2026;;-0.334
Tue Jun 23 2026;;-0.419
Tue Jun 23 2026;;-0.444
Tue Jun 23 2026;;-0.465
Tue Jun 23 2026;;-0.406
Tue Jun 23 2026;;-0.374
Tue Jun 23 2026;;-0.333
Tue Jun 23 2026;;-0.136
Tue Jun 23 2026;;-0.196
Tue Jun 23 2026;;-0.245
Tue Jun 23 2026;;-0.236
Tue Jun 23 2026;;-0.541
Tue Jun 23 2026;;-1.433
Tue Jun 23 2026;;-1.344
Tue Jun 23 2026;;-1.128
Tue Jun 23 2026;;-0.931
Tue Jun 23 2026;;-1.192
Tue Jun 23 2026;;-0.916
Tue Jun 23 2026;;-1.138
Tue Jun 23 2026;;-0.881
Tue Jun 23 2026;;-0.442
Tue Jun 23 2026;;-0.315
Tue Jun 23 2026;;-0.214
Tue Jun 23 2026;;-0.158
Tue Jun 23 2026;;-0.297
Tue Jun 23 2026;;-0.027
Tue Jun 23 2026;0.001;
Tue Jun 23 2026;;-0.15
Tue Jun 23 2026;;-0.128
Tue Jun 23 2026;;-0.077
Tue Jun 23 2026;;-0.061
Tue Jun 23 2026;;-0.041
Tue Jun 23 2026;;-0.019
Tue Jun 23 2026;;-0.014
Tue Jun 23 2026;0.108;
Tue Jun 23 2026;0.191;
Tue Jun 23 2026;0.202;
Tue Jun 23 2026;0.351;
Tue Jun 23 2026;0.197;
Tue Jun 23 2026;0.21;
Tue Jun 23 2026;0.213;
Tue Jun 23 2026;0.209;
Tue Jun 23 2026;0.261;
Tue Jun 23 2026;0.225;
Tue Jun 23 2026;0.191;
Tue Jun 23 2026;0.189;
Tue Jun 23 2026;0.195;
Tue Jun 23 2026;0.202;
Tue Jun 23 2026;0.165;
Wed Jun 24 2026;0.154;
Wed Jun 24 2026;0.169;
Wed Jun 24 2026;0.148;
Wed Jun 24 2026;0.144;
Wed Jun 24 2026;0.165;
Wed Jun 24 2026;0.16;
Wed Jun 24 2026;0.15;
Wed Jun 24 2026;0.157;
Wed Jun 24 2026;0.149;
Wed Jun 24 2026;0.136;
Wed Jun 24 2026;0.144;
Wed Jun 24 2026;0.143;
Wed Jun 24 2026;0.142;
Wed Jun 24 2026;0.139;
Wed Jun 24 2026;0.155;
Wed Jun 24 2026;0.164;
Wed Jun 24 2026;0.155;
Wed Jun 24 2026;0.217;
Wed Jun 24 2026;0.14;
Wed Jun 24 2026;0.135;
Wed Jun 24 2026;0.134;
Wed Jun 24 2026;0.131;
Wed Jun 24 2026;0.122;
Wed Jun 24 2026;0.156;
Wed Jun 24 2026;0.19;
Wed Jun 24 2026;0.19;
Wed Jun 24 2026;0.125;
Wed Jun 24 2026;0.122;
Wed Jun 24 2026;0.092;
Wed Jun 24 2026;0.09;
Wed Jun 24 2026;0.086;
Wed Jun 24 2026;0.087;
Wed Jun 24 2026;0.096;
Wed Jun 24 2026;0.089;
Wed Jun 24 2026;0.036;
Wed Jun 24 2026;;-0.043
Wed Jun 24 2026;;-0.133
Wed Jun 24 2026;;-0.222
Wed Jun 24 2026;;-0.326
Wed Jun 24 2026;;-0.398
Wed Jun 24 2026;;-0.399
Wed Jun 24 2026;;-0.137
Wed Jun 24 2026;;-0.205
Wed Jun 24 2026;;-0.008
Wed Jun 24 2026;;-0.099
Wed Jun 24 2026;;-0.17
Wed Jun 24 2026;;-0.257
Wed Jun 24 2026;;-0.325
Wed Jun 24 2026;;-0.374
Wed Jun 24 2026;;-0.408
Wed Jun 24 2026;;-0.445
Wed Jun 24 2026;;-0.421
Wed Jun 24 2026;;-0.313
Wed Jun 24 2026;;-1.258
Wed Jun 24 2026;;-1.298
Wed Jun 24 2026;;-1.311
Wed Jun 24 2026;;-1.376
Wed Jun 24 2026;;-1.377
Wed Jun 24 2026;;-1.363
Wed Jun 24 2026;;-1.325
Wed Jun 24 2026;;-1.299
Wed Jun 24 2026;;-1.047
Wed Jun 24 2026;;-0.822
Wed Jun 24 2026;;-0.263
Wed Jun 24 2026;;-0.142
Wed Jun 24 2026;;-0.364
Wed Jun 24 2026;;-0.323
Wed Jun 24 2026;;-0.268
Wed Jun 24 2026;;-0.236
Wed Jun 24 2026;;-0.171
Wed Jun 24 2026;;-0.094
Wed Jun 24 2026;;-0.033
Wed Jun 24 2026;;-0.191
Wed Jun 24 2026;;-0.15
Wed Jun 24 2026;;-0.302
Wed Jun 24 2026;;-0.417
Wed Jun 24 2026;;-0.275
Wed Jun 24 2026;;-0.145
Wed Jun 24 2026;0.709;
Wed Jun 24 2026;0.196;
Wed Jun 24 2026;0.325;
Wed Jun 24 2026;0.446;
Wed Jun 24 2026;0.152;
Wed Jun 24 2026;0.121;
Wed Jun 24 2026;0.211;
Wed Jun 24 2026;0.679;
Wed Jun 24 2026;0.263;
Wed Jun 24 2026;0.241;
Wed Jun 24 2026;0.245;
Wed Jun 24 2026;0.253;
Wed Jun 24 2026;0.245;
Wed Jun 24 2026;0.264;
Wed Jun 24 2026;0.262;
Wed Jun 24 2026;0.225;
Wed Jun 24 2026;0.174;
Wed Jun 24 2026;0.165;
Thu Jun 25 2026;0.175;
Thu Jun 25 2026;0.164;
Thu Jun 25 2026;0.139;
Thu Jun 25 2026;0.156;
Thu Jun 25 2026;0.149;
Thu Jun 25 2026;0.137;
Thu Jun 25 2026;0.141;
Thu Jun 25 2026;0.123;
Thu Jun 25 2026;0.123;
Thu Jun 25 2026;0.144;
Thu Jun 25 2026;0.126;
Thu Jun 25 2026;0.119;
Thu Jun 25 2026;0.133;
Thu Jun 25 2026;0.125;
Thu Jun 25 2026;0.117;
Thu Jun 25 2026;0.136;
Thu Jun 25 2026;0.137;
Thu Jun 25 2026;0.136;
Thu Jun 25 2026;0.133;
Thu Jun 25 2026;0.122;
Thu Jun 25 2026;0.111;
Thu Jun 25 2026;0.12;
Thu Jun 25 2026;0.127;
Thu Jun 25 2026;0.129;
Thu Jun 25 2026;0.334;
Thu Jun 25 2026;0.142;
Thu Jun 25 2026;0.136;
Thu Jun 25 2026;0.104;
Thu Jun 25 2026;0.207;
Thu Jun 25 2026;0.473;
Thu Jun 25 2026;0.131;
Thu Jun 25 2026;0.09;
Thu Jun 25 2026;0.408;
Thu Jun 25 2026;0.927;
Thu Jun 25 2026;0.096;
Thu Jun 25 2026;;-0.014
Thu Jun 25 2026;;-0.06
Thu Jun 25 2026;0.658;
Thu Jun 25 2026;0.136;
Thu Jun 25 2026;;-0.092
Thu Jun 25 2026;;-0.16
Thu Jun 25 2026;;-0.248
Thu Jun 25 2026;;-0.097
Thu Jun 25 2026;0.005;
Thu Jun 25 2026;;-0.105
Thu Jun 25 2026;;-0.203
Thu Jun 25 2026;;-0.185
Thu Jun 25 2026;;-0.211
Thu Jun 25 2026;;-0.2
Thu Jun 25 2026;;-0.379
Thu Jun 25 2026;;-0.331
Thu Jun 25 2026;;-0.42
Thu Jun 25 2026;;-0.111
Thu Jun 25 2026;;-0.102
Thu Jun 25 2026;;-0.128
Thu Jun 25 2026;;-0.13
Thu Jun 25 2026;;-0.183
Thu Jun 25 2026;;-0.174
Thu Jun 25 2026;;-0.116
Thu Jun 25 2026;;-0.209
Thu Jun 25 2026;;-0.144
Thu Jun 25 2026;;-0.452
Thu Jun 25 2026;;-1.205
Thu Jun 25 2026;;-1.237
Thu Jun 25 2026;;-1.164
Thu Jun 25 2026;;-0.388
Thu Jun 25 2026;;-0.768
Thu Jun 25 2026;;-0.404
Thu Jun 25 2026;;-0.171
Thu Jun 25 2026;;-0.25
Thu Jun 25 2026;;-0.254
Thu Jun 25 2026;;-0.252
Thu Jun 25 2026;0.378;
Thu Jun 25 2026;0.508;
Thu Jun 25 2026;0.337;
Thu Jun 25 2026;;-0.019
Thu Jun 25 2026;0.093;
Thu Jun 25 2026;;-0.012
Thu Jun 25 2026;;-0.002
Thu Jun 25 2026;0.025;
Thu Jun 25 2026;0.298;
Thu Jun 25 2026;0.151;
Thu Jun 25 2026;0.164;
Thu Jun 25 2026;0.208;
Thu Jun 25 2026;0.229;
Thu Jun 25 2026;0.327;
Thu Jun 25 2026;0.482;
Thu Jun 25 2026;0.502;
Thu Jun 25 2026;0.472;
Thu Jun 25 2026;0.313;
Thu Jun 25 2026;0.226;
Thu Jun 25 2026;0.281;
Thu Jun 25 2026;0.287;
Thu Jun 25 2026;0.171;
Thu Jun 25 2026;0.173;
Thu Jun 25 2026;0.177;
Fri Jun 26 2026;0.173;
Fri Jun 26 2026;0.165;
Fri Jun 26 2026;0.176;
Fri Jun 26 2026;0.143;
Fri Jun 26 2026;0.119;
Fri Jun 26 2026;0.136;
Fri Jun 26 2026;0.135;
Fri Jun 26 2026;0.114;
Fri Jun 26 2026;0.129;
Fri Jun 26 2026;0.129;
Fri Jun 26 2026;0.129;
Fri Jun 26 2026;0.121;
Fri Jun 26 2026;0.135;
Fri Jun 26 2026;0.13;
Fri Jun 26 2026;0.125;
Fri Jun 26 2026;0.125;
Fri Jun 26 2026;0.133;
Fri Jun 26 2026;0.119;
Fri Jun 26 2026;0.134;
Fri Jun 26 2026;0.129;
Fri Jun 26 2026;0.108;
Fri Jun 26 2026;0.14;
Fri Jun 26 2026;0.144;
Fri Jun 26 2026;0.23;
Fri Jun 26 2026;0.166;
Fri Jun 26 2026;0.134;
Fri Jun 26 2026;0.117;
Fri Jun 26 2026;0.101;
Fri Jun 26 2026;0.089;
Fri Jun 26 2026;0.076;
Fri Jun 26 2026;0.075;
Fri Jun 26 2026;0.067;
Fri Jun 26 2026;0.045;
Fri Jun 26 2026;0.051;
Fri Jun 26 2026;0.024;
Fri Jun 26 2026;;-0.015
Fri Jun 26 2026;;-0.151
Fri Jun 26 2026;;-0.236
Fri Jun 26 2026;;-0.338
Fri Jun 26 2026;;-0.427
Fri Jun 26 2026;;-0.147
Fri Jun 26 2026;;-0.154
Fri Jun 26 2026;;-0.204
Fri Jun 26 2026;;-0.017
Fri Jun 26 2026;;-0.112
Fri Jun 26 2026;;-0.211
Fri Jun 26 2026;;-0.27
Fri Jun 26 2026;;-0.321
Fri Jun 26 2026;;-0.32
Fri Jun 26 2026;;-0.348
Fri Jun 26 2026;;-0.375
Fri Jun 26 2026;;-0.195
Fri Jun 26 2026;;-0.36
Fri Jun 26 2026;;-0.77
Fri Jun 26 2026;;-1.254
Fri Jun 26 2026;;-1.316
Fri Jun 26 2026;;-1.22
Fri Jun 26 2026;;-1.097
Fri Jun 26 2026;;-1.358
Fri Jun 26 2026;;-0.721
Fri Jun 26 2026;;-1.28
Fri Jun 26 2026;;-1.271
Fri Jun 26 2026;;-1.036
Fri Jun 26 2026;;-1.115
Fri Jun 26 2026;;-1.159
Fri Jun 26 2026;;-1.154
Fri Jun 26 2026;;-0.457
Fri Jun 26 2026;;-0.333
Fri Jun 26 2026;;-0.222
Fri Jun 26 2026;;-0.382
Fri Jun 26 2026;;-0.129
Fri Jun 26 2026;;-0.07
Fri Jun 26 2026;;-0.177
Fri Jun 26 2026;;-0.166
Fri Jun 26 2026;;-0.231
Fri Jun 26 2026;;-0.104
Fri Jun 26 2026;;-0.004
Fri Jun 26 2026;;-0.009
Fri Jun 26 2026;0.031;
Fri Jun 26 2026;0.254;
Fri Jun 26 2026;0.099;
Fri Jun 26 2026;0.096;
Fri Jun 26 2026;0.114;
Fri Jun 26 2026;0.121;
Fri Jun 26 2026;0.199;
Fri Jun 26 2026;0.162;
Fri Jun 26 2026;0.147;
Fri Jun 26 2026;0.144;
Fri Jun 26 2026;0.139;
Fri Jun 26 2026;0.14;
Fri Jun 26 2026;0.143;
Fri Jun 26 2026;0.157;
Fri Jun 26 2026;0.153;
Fri Jun 26 2026;0.159;
Fri Jun 26 2026;0.144;
Fri Jun 26 2026;0.164;
Sat Jun 27 2026;0.138;
Sat Jun 27 2026;0.14;
Sat Jun 27 2026;0.16;
Sat Jun 27 2026;0.148;
Sat Jun 27 2026;0.124;
Sat Jun 27 2026;0.131;
Sat Jun 27 2026;0.134;
Sat Jun 27 2026;0.118;
Sat Jun 27 2026;0.135;
Sat Jun 27 2026;0.135;
Sat Jun 27 2026;0.119;
Sat Jun 27 2026;0.132;
Sat Jun 27 2026;0.115;
Sat Jun 27 2026;0.126;
Sat Jun 27 2026;0.129;
Sat Jun 27 2026;0.123;
Sat Jun 27 2026;0.12;
Sat Jun 27 2026;0.128;
Sat Jun 27 2026;0.127;
Sat Jun 27 2026;0.121;
Sat Jun 27 2026;0.119;
Sat Jun 27 2026;0.13;
Sat Jun 27 2026;0.227;
Sat Jun 27 2026;0.136;
Sat Jun 27 2026;0.164;
Sat Jun 27 2026;0.161;
Sat Jun 27 2026;0.13;
Sat Jun 27 2026;0.554;
Sat Jun 27 2026;0.186;
Sat Jun 27 2026;0.128;
Sat Jun 27 2026;0.117;
Sat Jun 27 2026;0.071;
Sat Jun 27 2026;0.054;
Sat Jun 27 2026;0.041;
Sat Jun 27 2026;0.005;
Sat Jun 27 2026;;-0.073
Sat Jun 27 2026;;-0.144
Sat Jun 27 2026;;-0.249
Sat Jun 27 2026;;-0.344
Sat Jun 27 2026;;-0.425
Sat Jun 27 2026;;-0.149
Sat Jun 27 2026;;-0.097
Sat Jun 27 2026;;-0.181
Sat Jun 27 2026;;-0.063
Sat Jun 27 2026;;-0.086
Sat Jun 27 2026;;-0.276
Sat Jun 27 2026;;-0.249
Sat Jun 27 2026;;-0.319
Sat Jun 27 2026;;-0.363
Sat Jun 27 2026;;-0.395
Sat Jun 27 2026;;-0.446
Sat Jun 27 2026;;-0.484
Sat Jun 27 2026;;-0.219
Sat Jun 27 2026;;-0.068
Sat Jun 27 2026;;-0.102
Sat Jun 27 2026;;-0.128
Sat Jun 27 2026;;-0.136
Sat Jun 27 2026;;-0.63
Sat Jun 27 2026;;-1.145
Sat Jun 27 2026;;-0.927
Sat Jun 27 2026;;-1.253
Sat Jun 27 2026;;-1.231
Sat Jun 27 2026;;-1.203
Sat Jun 27 2026;;-1.095
Sat Jun 27 2026;;-0.234
Sat Jun 27 2026;;-0.046
Sat Jun 27 2026;;-0.266
Sat Jun 27 2026;;-0.346
Sat Jun 27 2026;;-0.248
Sat Jun 27 2026;;-0.154
Sat Jun 27 2026;;-0.11
Sat Jun 27 2026;;-0.047
Sat Jun 27 2026;;-0.128
Sat Jun 27 2026;;-0.145
Sat Jun 27 2026;;-0.361
Sat Jun 27 2026;;-0.396
Sat Jun 27 2026;;-0.313
Sat Jun 27 2026;;-0.22
Sat Jun 27 2026;;-0.022
Sat Jun 27 2026;;-0.056
Sat Jun 27 2026;;-0.013
Sat Jun 27 2026;0.045;
Sat Jun 27 2026;0.054;
Sat Jun 27 2026;0.089;
Sat Jun 27 2026;0.119;
Sat Jun 27 2026;0.304;
Sat Jun 27 2026;1.02;
Sat Jun 27 2026;0.14;
Sat Jun 27 2026;0.171;
Sat Jun 27 2026;0.185;
Sat Jun 27 2026;0.177;
Sat Jun 27 2026;0.159;
Sat Jun 27 2026;0.146;
Sat Jun 27 2026;0.146;
Sat Jun 27 2026;0.133;
Sat Jun 27 2026;0.14;
Sun Jun 28 2026;0.153;
Sun Jun 28 2026;0.134;
Sun Jun 28 2026;0.14;
Sun Jun 28 2026;0.144;
Sun Jun 28 2026;0.13;
Sun Jun 28 2026;0.134;
Sun Jun 28 2026;0.153;
Sun Jun 28 2026;0.14;
Sun Jun 28 2026;0.123;
Sun Jun 28 2026;0.136;
Sun Jun 28 2026;0.133;
Sun Jun 28 2026;0.129;
Sun Jun 28 2026;0.119;
Sun Jun 28 2026;0.144;
Sun Jun 28 2026;0.135;
Sun Jun 28 2026;0.158;
Sun Jun 28 2026;0.138;
Sun Jun 28 2026;0.131;
Sun Jun 28 2026;0.139;
Sun Jun 28 2026;0.137;
Sun Jun 28 2026;0.11;
Sun Jun 28 2026;0.126;
Sun Jun 28 2026;0.148;
Sun Jun 28 2026;0.242;
Sun Jun 28 2026;0.137;
Sun Jun 28 2026;0.156;
Sun Jun 28 2026;0.126;
Sun Jun 28 2026;0.09;
Sun Jun 28 2026;0.079;
Sun Jun 28 2026;0.062;
Sun Jun 28 2026;0.059;
Sun Jun 28 2026;0.029;
Sun Jun 28 2026;0.035;
Sun Jun 28 2026;0.022;
Sun Jun 28 2026;0.058;
Sun Jun 28 2026;;-0.061
Sun Jun 28 2026;;-0.154
Sun Jun 28 2026;;-0.198
Sun Jun 28 2026;;-0.333
Sun Jun 28 2026;;-0.43
Sun Jun 28 2026;;-0.232
Sun Jun 28 2026;;-0.138
Sun Jun 28 2026;;-0.138
Sun Jun 28 2026;;-0.295
Sun Jun 28 2026;;-0.4
Sun Jun 28 2026;;-0.364
Sun Jun 28 2026;;-0.28
Sun Jun 28 2026;;-0.324
Sun Jun 28 2026;;-0.391
Sun Jun 28 2026;;-0.436
Sun Jun 28 2026;;-0.078
Sun Jun 28 2026;;-0.333
Sun Jun 28 2026;;-0.086
Sun Jun 28 2026;;-0.14
Sun Jun 28 2026;;-0.13
Sun Jun 28 2026;;-1.403
Sun Jun 28 2026;;-0.462
Sun Jun 28 2026;;-1.178
Sun Jun 28 2026;;-1.329
Sun Jun 28 2026;;-0.573
Sun Jun 28 2026;;-0.153
Sun Jun 28 2026;;-0.098
Sun Jun 28 2026;;-0.847
Sun Jun 28 2026;;-1.163
Sun Jun 28 2026;;-0.973
Sun Jun 28 2026;;-0.994
Sun Jun 28 2026;;-1.079
Sun Jun 28 2026;;-0.862
Sun Jun 28 2026;;-0.515
Sun Jun 28 2026;;-0.349
Sun Jun 28 2026;;-0.389
Sun Jun 28 2026;;-0.317
Sun Jun 28 2026;;-0.112
Sun Jun 28 2026;;-0.298
Sun Jun 28 2026;;-0.24
Sun Jun 28 2026;;-0.177
Sun Jun 28 2026;;-0.136
Sun Jun 28 2026;0.057;
Sun Jun 28 2026;;-0.187
Sun Jun 28 2026;;-0.075
Sun Jun 28 2026;0.028;
Sun Jun 28 2026;0.084;
Sun Jun 28 2026;0.539;
Sun Jun 28 2026;0.755;
Sun Jun 28 2026;0.189;
Sun Jun 28 2026;0.215;
Sun Jun 28 2026;0.224;
Sun Jun 28 2026;0.232;
Sun Jun 28 2026;0.289;
Sun Jun 28 2026;0.389;
Sun Jun 28 2026;0.667;
Sun Jun 28 2026;0.67;
Sun Jun 28 2026;0.514;
Sun Jun 28 2026;0.488;
Sun Jun 28 2026;0.527;
Sun Jun 28 2026;0.61;
Mon Jun 29 2026;0.374;
Mon Jun 29 2026;0.372;
Mon Jun 29 2026;0.397;
Mon Jun 29 2026;0.34;
Mon Jun 29 2026;0.16;
Mon Jun 29 2026;0.142;
Mon Jun 29 2026;0.144;
Mon Jun 29 2026;0.129;
Mon Jun 29 2026;0.131;
Mon Jun 29 2026;0.139;
Mon Jun 29 2026;0.122;
Mon Jun 29 2026;0.137;
Mon Jun 29 2026;0.137;
Mon Jun 29 2026;0.129;
Mon Jun 29 2026;0.163;
Mon Jun 29 2026;0.141;
Mon Jun 29 2026;0.129;
Mon Jun 29 2026;0.124;
Mon Jun 29 2026;0.133;
Mon Jun 29 2026;0.134;
Mon Jun 29 2026;0.117;
Mon Jun 29 2026;0.146;
Mon Jun 29 2026;0.137;
Mon Jun 29 2026;0.137;
Mon Jun 29 2026;0.154;
Mon Jun 29 2026;0.141;
Mon Jun 29 2026;0.233;
Mon Jun 29 2026;0.158;
Mon Jun 29 2026;0.158;
Mon Jun 29 2026;0.183;
Mon Jun 29 2026;0.153;
Mon Jun 29 2026;0.09;
Mon Jun 29 2026;0.066;
Mon Jun 29 2026;0.027;
Mon Jun 29 2026;0.024;
Mon Jun 29 2026;0.034;
Mon Jun 29 2026;0.032;
Mon Jun 29 2026;;-0.213
Mon Jun 29 2026;;-0.295
Mon Jun 29 2026;;-0.353
Mon Jun 29 2026;;-0.144
Mon Jun 29 2026;;-0.103
Mon Jun 29 2026;;-0.093
Mon Jun 29 2026;;-0.081
Mon Jun 29 2026;;-0.119
Mon Jun 29 2026;;-0.209
Mon Jun 29 2026;;-0.258
Mon Jun 29 2026;;-0.312
Mon Jun 29 2026;;-0.342
Mon Jun 29 2026;;-0.313
Mon Jun 29 2026;;-0.455
Mon Jun 29 2026;;-0.358
Mon Jun 29 2026;;-0.693
Mon Jun 29 2026;;-1.24
Mon Jun 29 2026;;-1.097
Mon Jun 29 2026;;-1.278
Mon Jun 29 2026;;-1.183
Mon Jun 29 2026;;-1.069
Mon Jun 29 2026;;-1.223
Mon Jun 29 2026;;-1.25
Mon Jun 29 2026;;-1.326
Mon Jun 29 2026;;-1.24
Mon Jun 29 2026;;-1.228
Mon Jun 29 2026;;-1.203
Mon Jun 29 2026;;-0.445
Mon Jun 29 2026;;-0.406
Mon Jun 29 2026;;-0.409
Mon Jun 29 2026;;-0.364
Mon Jun 29 2026;;-0.281
Mon Jun 29 2026;;-0.25
Mon Jun 29 2026;;-0.215
Mon Jun 29 2026;0.261;
Mon Jun 29 2026;0.704;
Mon Jun 29 2026;0.027;
Mon Jun 29 2026;;-0.03
Mon Jun 29 2026;;-0.356
Mon Jun 29 2026;0.988;
Mon Jun 29 2026;0.582;
Mon Jun 29 2026;0.595;
Mon Jun 29 2026;0.519;
Mon Jun 29 2026;0.627;
Mon Jun 29 2026;0.226;
Mon Jun 29 2026;0.14;
Mon Jun 29 2026;0.184;
Mon Jun 29 2026;0.181;
Mon Jun 29 2026;0.244;
Mon Jun 29 2026;0.419;
Mon Jun 29 2026;0.369;
Mon Jun 29 2026;0.368;
Mon Jun 29 2026;0.391;
Mon Jun 29 2026;0.394;
Mon Jun 29 2026;0.39;
Mon Jun 29 2026;0.168;
Mon Jun 29 2026;0.185;
Mon Jun 29 2026;0.203;
Mon Jun 29 2026;0.183;
Tue Jun 30 2026;0.189;
Tue Jun 30 2026;0.172;
Tue Jun 30 2026;0.165;
Tue Jun 30 2026;0.156;
Tue Jun 30 2026;0.145;
Tue Jun 30 2026;0.163;
Tue Jun 30 2026;0.158;
Tue Jun 30 2026;0.14;
Tue Jun 30 2026;0.129;
Tue Jun 30 2026;0.161;
Tue Jun 30 2026;0.15;
Tue Jun 30 2026;0.14;
Tue Jun 30 2026;0.134;
Tue Jun 30 2026;0.139;
Tue Jun 30 2026;0.142;
Tue Jun 30 2026;0.125;
Tue Jun 30 2026;0.129;
Tue Jun 30 2026;0.13;
Tue Jun 30 2026;0.126;
Tue Jun 30 2026;0.138;
Tue Jun 30 2026;0.135;
Tue Jun 30 2026;0.171;
Tue Jun 30 2026;0.194;
Tue Jun 30 2026;0.143;
Tue Jun 30 2026;0.141;
Tue Jun 30 2026;0.132;
Tue Jun 30 2026;0.131;
Tue Jun 30 2026;0.112;
Tue Jun 30 2026;0.159;
Tue Jun 30 2026;0.11;
Tue Jun 30 2026;0.072;
Tue Jun 30 2026;0.066;
Tue Jun 30 2026;0.05;
Tue Jun 30 2026;0.019;
Tue Jun 30 2026;0.154;
Tue Jun 30 2026;;-0.007
Tue Jun 30 2026;;-0.135
Tue Jun 30 2026;;-0.213
Tue Jun 30 2026;;-0.118
Tue Jun 30 2026;;-0.345
Tue Jun 30 2026;;-0.428
Tue Jun 30 2026;;-0.13
Tue Jun 30 2026;;-0.499
Tue Jun 30 2026;;-0.738
Tue Jun 30 2026;;-0.813
Tue Jun 30 2026;;-0.721
Tue Jun 30 2026;;-0.913
Tue Jun 30 2026;;-1.036
Tue Jun 30 2026;;-1.043
Tue Jun 30 2026;;-1.007
Tue Jun 30 2026;;-0.524
Tue Jun 30 2026;;-0.696
Tue Jun 30 2026;;-1.124
Tue Jun 30 2026;;-1.359
Tue Jun 30 2026;;-1.384
Tue Jun 30 2026;;-1.25
Tue Jun 30 2026;;-1.414
Tue Jun 30 2026;;-1.315
Tue Jun 30 2026;;-0.789
Tue Jun 30 2026;;-1.413
Tue Jun 30 2026;;-1.048
Tue Jun 30 2026;;-0.971
Tue Jun 30 2026;;-1.106
Tue Jun 30 2026;;-0.903
Tue Jun 30 2026;;-0.257
Tue Jun 30 2026;;-0.161
Tue Jun 30 2026;;-0.283
Tue Jun 30 2026;;-0.489
Tue Jun 30 2026;;-0.318
Tue Jun 30 2026;;-0.217
Tue Jun 30 2026;;-0.115
Tue Jun 30 2026;;-0.106
Tue Jun 30 2026;;-0.094
Tue Jun 30 2026;;-0.207
Tue Jun 30 2026;;-0.062
Tue Jun 30 2026;;-0.138
Tue Jun 30 2026;;-0.019
Tue Jun 30 2026;;-0.254
Tue Jun 30 2026;;-0.338
Tue Jun 30 2026;;-0.11
Tue Jun 30 2026;;-0.041
Tue Jun 30 2026;;-0.031
Tue Jun 30 2026;0.051;
Tue Jun 30 2026;0.071;
Tue Jun 30 2026;0.125;
Tue Jun 30 2026;0.186;
Tue Jun 30 2026;0.194;
Tue Jun 30 2026;0.206;
Tue Jun 30 2026;0.181;
Tue Jun 30 2026;0.161;
Tue Jun 30 2026;0.172;
Tue Jun 30 2026;0.168;
Tue Jun 30 2026;0.152;
Tue Jun 30 2026;0.164;
Tue Jun 30 2026;0.171;
Tue Jun 30 2026;0.166;
Wed Jul 01 2026;0.147;
